id,module_fqcn,chunk_type,stable_id,question,expected_type,expected_default,expected_choices,expected_deprecated,expected_alternative,ansible_core_version,generated_at
c8080298-5257-43ec-b124-4e72ba0fa99f,ansible.builtin.apt,parameter,ansible.builtin.apt::param::deb,What data type does the deb parameter expect?,path,,"",,,2.21.3,2026-08-18T12:17:47Z
e7229542-858b-4190-814d-49369415427f,ansible.builtin.apt,parameter,ansible.builtin.apt::param::deb,What is the default value for the deb parameter if it is not provided?,path,,"",,,2.21.3,2026-08-18T12:17:47Z
67d11c1b-cb08-4c51-846a-4c2d53ef3ded,ansible.builtin.apt,parameter,ansible.builtin.apt::param::deb,"What valid choices or formats are accepted for the deb parameter (for example, local path vs. downloadable URL)?",path,,"",,,2.21.3,2026-08-18T12:17:47Z
6d8f3475-e09a-4c91-aeb2-5d22b05ffc97,ansible.builtin.apt,parameter,ansible.builtin.apt::param::name,What data type does the name parameter of the ansible.builtin.apt module accept?,list,,"",,,2.21.3,2026-08-18T12:17:47Z
24a32a98-0d31-4931-8a29-48e3aa757bc7,ansible.builtin.apt,parameter,ansible.builtin.apt::param::name,What is the default value for the name parameter if it is not explicitly set?,list,,"",,,2.21.3,2026-08-18T12:17:47Z
be2581be-954d-4a34-adff-50bc0a9a7ab4,ansible.builtin.apt,parameter,ansible.builtin.apt::param::name,"What valid choices or formats are allowed for the name parameter (for example, how can package names, version specifiers, or wildcards be used)?",list,,"",,,2.21.3,2026-08-18T12:17:47Z
69c5e52a-d393-48b2-b136-78d274eae01e,ansible.builtin.apt,parameter,ansible.builtin.apt::param::clean,What data type does the 'clean' parameter accept in ansible.builtin.apt?,bool,no,"",,,2.21.3,2026-08-18T12:17:47Z
64edbabb-d692-4797-ac80-f7daf47fefba,ansible.builtin.apt,parameter,ansible.builtin.apt::param::clean,What is the default value for the 'clean' parameter?,bool,no,"",,,2.21.3,2026-08-18T12:17:47Z
3a475ba6-94bd-44d9-9465-4be3155d3325,ansible.builtin.apt,parameter,ansible.builtin.apt::param::clean,What are the valid choices I can set for the 'clean' parameter?,bool,no,"",,,2.21.3,2026-08-18T12:17:47Z
2927bc91-7ed1-4511-9bac-4e03219a8aba,ansible.builtin.apt,parameter,ansible.builtin.apt::param::force,What data type does the 'force' parameter accept for the ansible.builtin.apt module?,bool,no,"",,,2.21.3,2026-08-18T12:17:47Z
0e57c1c0-7a90-4375-ab2d-1a64f09ef30c,ansible.builtin.apt,parameter,ansible.builtin.apt::param::force,What is the default value of the 'force' parameter in ansible.builtin.apt?,bool,no,"",,,2.21.3,2026-08-18T12:17:47Z
d2749d2d-d013-415c-92db-f4024d1e0b51,ansible.builtin.apt,parameter,ansible.builtin.apt::param::force,What are the valid choices or accepted values for the 'force' parameter in ansible.builtin.apt?,bool,no,"",,,2.21.3,2026-08-18T12:17:47Z
a2dba416-370d-4ded-b7ac-c51173098d27,ansible.builtin.apt,parameter,ansible.builtin.apt::param::purge,What is the data type of the purge parameter in the ansible.builtin.apt module?,bool,no,"",,,2.21.3,2026-08-18T12:17:47Z
a226685b-ddc4-49b1-abf8-ce3691c0d48f,ansible.builtin.apt,parameter,ansible.builtin.apt::param::purge,What is the default value for the purge option in the apt module?,bool,no,"",,,2.21.3,2026-08-18T12:17:47Z
ef93da65-6242-4c1e-a3a6-8219dc23be1e,ansible.builtin.apt,parameter,ansible.builtin.apt::param::purge,What valid values or choices does the purge parameter accept?,bool,no,"",,,2.21.3,2026-08-18T12:17:47Z
cea73a2b-eec9-4bbd-8346-a2b152ac1e47,ansible.builtin.apt,parameter,ansible.builtin.apt::param::state,What is the data type of the 'state' parameter for the ansible.builtin.apt module?,str,present,absent|build-dep|latest|present|fixed,,,2.21.3,2026-08-18T12:17:47Z
037d047a-cb07-4e68-80c7-5d5ee0c8dfbd,ansible.builtin.apt,parameter,ansible.builtin.apt::param::state,What is the default value of the 'state' parameter in this module?,str,present,absent|build-dep|latest|present|fixed,,,2.21.3,2026-08-18T12:17:47Z
5739dece-53c0-45ed-b8eb-8415e2de6c5b,ansible.builtin.apt,parameter,ansible.builtin.apt::param::state,What are the valid choices allowed for the 'state' parameter?,str,present,absent|build-dep|latest|present|fixed,,,2.21.3,2026-08-18T12:17:47Z
eac86200-3cf5-44af-96e7-82059728cf27,ansible.builtin.apt,parameter,ansible.builtin.apt::param::upgrade,What data type is the ansible.builtin.apt module's upgrade parameter expected to be?,str,no,dist|full|no|safe|yes,,,2.21.3,2026-08-18T12:17:47Z
ed0d4edc-33f4-4749-8b80-665cb50ffb83,ansible.builtin.apt,parameter,ansible.builtin.apt::param::upgrade,What is the default value for the upgrade parameter of the ansible.builtin.apt module?,str,no,dist|full|no|safe|yes,,,2.21.3,2026-08-18T12:17:47Z
0e116193-3ba1-4b23-9d7f-16cbfe3fd614,ansible.builtin.apt,parameter,ansible.builtin.apt::param::upgrade,Which valid choices can be supplied to the upgrade parameter in the ansible.builtin.apt module?,str,no,dist|full|no|safe|yes,,,2.21.3,2026-08-18T12:17:47Z
4601e35d-8595-4c8d-8112-f80462bf31cc,ansible.builtin.apt,parameter,ansible.builtin.apt::param::autoclean,What data type does the autoclean parameter accept in the ansible.builtin.apt module?,bool,no,"",,,2.21.3,2026-08-18T12:17:47Z
9490c8c7-bf09-4de8-8819-da8335e53d0b,ansible.builtin.apt,parameter,ansible.builtin.apt::param::autoclean,What is the default value of the autoclean parameter?,bool,no,"",,,2.21.3,2026-08-18T12:17:47Z
234ffb82-2fc0-4661-af24-5c1f0b3e189f,ansible.builtin.apt,parameter,ansible.builtin.apt::param::autoclean,What are the valid choices or allowed values for the autoclean parameter?,bool,no,"",,,2.21.3,2026-08-18T12:17:47Z
59c46290-499f-4c68-bb30-0d12eb2ab1a4,ansible.builtin.apt,parameter,ansible.builtin.apt::param::autoremove,What is the data type of the autoremove parameter in the ansible.builtin.apt module?,bool,no,"",,,2.21.3,2026-08-18T12:17:47Z
fac7200d-4495-42a3-9014-e5f173de1ec0,ansible.builtin.apt,parameter,ansible.builtin.apt::param::autoremove,What is the default value for the autoremove parameter of ansible.builtin.apt?,bool,no,"",,,2.21.3,2026-08-18T12:17:47Z
0438d4dc-f3f9-4866-b44b-9e5dbdda44c2,ansible.builtin.apt,parameter,ansible.builtin.apt::param::autoremove,What valid choices or allowed values can be used for the autoremove parameter in ansible.builtin.apt?,bool,no,"",,,2.21.3,2026-08-18T12:17:47Z
d5f018b5-a245-46e3-ba9c-ec2e8ba236f1,ansible.builtin.apt,parameter,ansible.builtin.apt::param::policy_rc_d,What data type is the policy_rc_d parameter expected to be for the ansible.builtin.apt module?,int,,"",,,2.21.3,2026-08-18T12:17:47Z
934f2f90-2bca-40fc-9119-9abffe3058c6,ansible.builtin.apt,parameter,ansible.builtin.apt::param::policy_rc_d,What is the default value of the policy_rc_d parameter when it is not provided?,int,,"",,,2.21.3,2026-08-18T12:17:47Z
b2bfe237-4a86-4e9a-8782-2dc406819ab1,ansible.builtin.apt,parameter,ansible.builtin.apt::param::policy_rc_d,What valid values or choices are accepted for the policy_rc_d parameter?,int,,"",,,2.21.3,2026-08-18T12:17:47Z
aefc8d9f-6b8f-4286-85c0-47e90044d951,ansible.builtin.apt,parameter,ansible.builtin.apt::param::dpkg_options,"What data type (e.g., string, list) is expected for the dpkg_options parameter of ansible.builtin.apt?",str,"force-confdef,force-confold","",,,2.21.3,2026-08-18T12:17:47Z
d64db314-9ebf-467f-b8b1-249edbbc129b,ansible.builtin.apt,parameter,ansible.builtin.apt::param::dpkg_options,What is the default value of the dpkg_options parameter?,str,"force-confdef,force-confold","",,,2.21.3,2026-08-18T12:17:47Z
00b4d667-3456-4b63-9a74-6797cfbb7c0e,ansible.builtin.apt,parameter,ansible.builtin.apt::param::dpkg_options,What are the valid choices or formatting rules for providing multiple dpkg_options (how should options be supplied)?,str,"force-confdef,force-confold","",,,2.21.3,2026-08-18T12:17:47Z
4e3831e8-0a0f-458e-89f4-b26ce8cba187,ansible.builtin.apt,parameter,ansible.builtin.apt::param::lock_timeout,What type of value does the lock_timeout parameter accept in the ansible.builtin.apt module?,int,60,"",,,2.21.3,2026-08-18T12:17:47Z
5c26ee5f-cc23-4fc5-9d3e-0377ea635553,ansible.builtin.apt,parameter,ansible.builtin.apt::param::lock_timeout,What is the default value of lock_timeout for the ansible.builtin.apt module?,int,60,"",,,2.21.3,2026-08-18T12:17:47Z
f5af8740-b3d1-47ac-b93c-c7b47d5e71f8,ansible.builtin.apt,parameter,ansible.builtin.apt::param::lock_timeout,What are the valid choices or allowed values for the lock_timeout parameter in ansible.builtin.apt?,int,60,"",,,2.21.3,2026-08-18T12:17:47Z
71b98a8d-7670-4b83-9b50-4384577b6d8e,ansible.builtin.apt,parameter,ansible.builtin.apt::param::only_upgrade,What type of value does the only_upgrade parameter accept in the ansible.builtin.apt module?,bool,no,"",,,2.21.3,2026-08-18T12:17:47Z
1f086e65-6a91-4272-b769-ace7a47153d3,ansible.builtin.apt,parameter,ansible.builtin.apt::param::only_upgrade,What is the default value of the only_upgrade parameter?,bool,no,"",,,2.21.3,2026-08-18T12:17:47Z
361d4f5b-4869-401d-bb9b-902e499249a8,ansible.builtin.apt,parameter,ansible.builtin.apt::param::only_upgrade,What are the valid choices or allowed values for the only_upgrade parameter?,bool,no,"",,,2.21.3,2026-08-18T12:17:47Z
aed7c4da-b9be-4aab-b6d5-82eb15415bcc,ansible.builtin.apt,parameter,ansible.builtin.apt::param::update_cache,What data type does the update_cache parameter accept in the ansible.builtin.apt module?,bool,,"",,,2.21.3,2026-08-18T12:17:47Z
3cd9077d-2357-4bac-9c54-7adace10259e,ansible.builtin.apt,parameter,ansible.builtin.apt::param::update_cache,"If I omit update_cache when using ansible.builtin.apt, what is its default value?",bool,,"",,,2.21.3,2026-08-18T12:17:47Z
d82a2800-c38b-4dfa-ba47-07564b5967fe,ansible.builtin.apt,parameter,ansible.builtin.apt::param::update_cache,What are the valid/allowed choices or values for the update_cache parameter?,bool,,"",,,2.21.3,2026-08-18T12:17:47Z
24a50a1f-da53-4c6c-8204-9cddc3694d7d,ansible.builtin.apt,parameter,ansible.builtin.apt::param::force_apt_get,What type of value is the force_apt_get parameter expected to receive in the ansible.builtin.apt module?,bool,no,"",,,2.21.3,2026-08-18T12:17:47Z
87add6e8-6edb-4caf-9b38-31bb05d50447,ansible.builtin.apt,parameter,ansible.builtin.apt::param::force_apt_get,What is the default value of the force_apt_get parameter in this module?,bool,no,"",,,2.21.3,2026-08-18T12:17:47Z
2e2e0455-0a18-4ae1-8f51-e70ef6f997d7,ansible.builtin.apt,parameter,ansible.builtin.apt::param::force_apt_get,What valid choices or values can be used for the force_apt_get parameter?,bool,no,"",,,2.21.3,2026-08-18T12:17:47Z
ec8f076b-6f34-453c-8241-10b5c267c8f4,ansible.builtin.apt,parameter,ansible.builtin.apt::param::allow_downgrade,What is the data type of the allow_downgrade parameter for the ansible.builtin.apt module?,bool,no,"",,,2.21.3,2026-08-18T12:17:47Z
b70ed82a-65a8-431a-bc57-da53713f8d92,ansible.builtin.apt,parameter,ansible.builtin.apt::param::allow_downgrade,What is the default value for allow_downgrade in ansible.builtin.apt?,bool,no,"",,,2.21.3,2026-08-18T12:17:47Z
0bdc7de3-2dbd-471b-be18-2aef9c32e741,ansible.builtin.apt,parameter,ansible.builtin.apt::param::allow_downgrade,What valid choices or accepted values can be used for the allow_downgrade parameter?,bool,no,"",,,2.21.3,2026-08-18T12:17:47Z
d2f08748-5dd1-4981-8914-ea67bfc43dbd,ansible.builtin.apt,parameter,ansible.builtin.apt::param::default_release,What data type does the default_release parameter accept?,str,,"",,,2.21.3,2026-08-18T12:17:47Z
31a93dac-4f99-423f-9556-bc836c3c4cff,ansible.builtin.apt,parameter,ansible.builtin.apt::param::default_release,What is the default value of default_release when it is not specified?,str,,"",,,2.21.3,2026-08-18T12:17:47Z
1552e8cb-88b3-4aa9-8b58-e78fb5053ccc,ansible.builtin.apt,parameter,ansible.builtin.apt::param::default_release,What valid choices or formats are allowed for the default_release parameter?,str,,"",,,2.21.3,2026-08-18T12:17:47Z
46cc1a66-e6d0-4f53-85ab-f9d8df599f60,ansible.builtin.apt,parameter,ansible.builtin.apt::param::cache_valid_time,What data type does the cache_valid_time parameter accept?,int,0,"",,,2.21.3,2026-08-18T12:17:47Z
16625e69-de19-4a96-8cb5-ccb03bb4134a,ansible.builtin.apt,parameter,ansible.builtin.apt::param::cache_valid_time,What is the default value of cache_valid_time in the ansible.builtin.apt module?,int,0,"",,,2.21.3,2026-08-18T12:17:47Z
b1d5fb42-1c55-4bb9-a692-df49b68c8ea6,ansible.builtin.apt,parameter,ansible.builtin.apt::param::cache_valid_time,"What units or valid choices are accepted for cache_valid_time (for example, is it specified in seconds or other formats)?",int,0,"",,,2.21.3,2026-08-18T12:17:47Z
2761ed2e-9d68-4360-a240-d630e227ca13,ansible.builtin.apt,parameter,ansible.builtin.apt::param::fail_on_autoremove,What data type does the fail_on_autoremove parameter accept in the ansible.builtin.apt module?,bool,no,"",,,2.21.3,2026-08-18T12:17:47Z
4b8aef9b-0645-4094-a444-db4e98ad8052,ansible.builtin.apt,parameter,ansible.builtin.apt::param::fail_on_autoremove,What is the default value for the fail_on_autoremove parameter?,bool,no,"",,,2.21.3,2026-08-18T12:17:47Z
c1ab4eee-f054-452c-bb67-f8bb284a53ef,ansible.builtin.apt,parameter,ansible.builtin.apt::param::fail_on_autoremove,What are the valid choices or allowed values for the fail_on_autoremove parameter?,bool,no,"",,,2.21.3,2026-08-18T12:17:47Z
e82b963c-ef59-418d-9751-6715c79c3f14,ansible.builtin.apt,parameter,ansible.builtin.apt::param::install_recommends,What data type does the install_recommends parameter accept?,bool,,"",,,2.21.3,2026-08-18T12:17:47Z
d9d776a6-6c85-4fa2-aa3c-3a84f3dbd41e,ansible.builtin.apt,parameter,ansible.builtin.apt::param::install_recommends,What is the default value or default behavior of install_recommends when it is not specified?,bool,,"",,,2.21.3,2026-08-18T12:17:47Z
01afc37d-de74-48c3-a49e-d810688fa565,ansible.builtin.apt,parameter,ansible.builtin.apt::param::install_recommends,What valid choices or allowed values can be used for the install_recommends parameter?,bool,,"",,,2.21.3,2026-08-18T12:17:47Z
e2ceeb2a-dfd8-4864-b90d-4a0eb9286469,ansible.builtin.apt,parameter,ansible.builtin.apt::param::update_cache_retries,What is the default value for the update_cache_retries parameter in the ansible.builtin.apt module?,int,5,"",,,2.21.3,2026-08-18T12:17:47Z
bb5412f9-880d-482c-9a45-151a589b259d,ansible.builtin.apt,parameter,ansible.builtin.apt::param::update_cache_retries,What type of value does the update_cache_retries parameter accept in ansible.builtin.apt?,int,5,"",,,2.21.3,2026-08-18T12:17:47Z
aec9e1e1-fb52-4cfd-ae5e-03d0c50f61fc,ansible.builtin.apt,parameter,ansible.builtin.apt::param::update_cache_retries,What are the valid choices or allowed range for the update_cache_retries parameter in the ansible.builtin.apt module?,int,5,"",,,2.21.3,2026-08-18T12:17:47Z
9ca7af3b-2055-466d-b54d-5d87a859942f,ansible.builtin.apt,parameter,ansible.builtin.apt::param::allow_unauthenticated,What data type does the allow_unauthenticated parameter accept in the ansible.builtin.apt module?,bool,no,"",,,2.21.3,2026-08-18T12:17:47Z
1fd5cdaf-80dc-417c-aec7-21beed44a596,ansible.builtin.apt,parameter,ansible.builtin.apt::param::allow_unauthenticated,What is the default value for the allow_unauthenticated parameter?,bool,no,"",,,2.21.3,2026-08-18T12:17:47Z
795b5ea1-1aad-4106-b511-0601aa606910,ansible.builtin.apt,parameter,ansible.builtin.apt::param::allow_unauthenticated,What valid choices or values are allowed for the allow_unauthenticated parameter?,bool,no,"",,,2.21.3,2026-08-18T12:17:47Z
cdae8564-e252-4eb4-8ea2-feb7fc817402,ansible.builtin.apt,parameter,ansible.builtin.apt::param::auto_install_module_deps,What data type does the ansible.builtin.apt parameter auto_install_module_deps accept?,bool,true,"",,,2.21.3,2026-08-18T12:17:47Z
0f703a1f-e240-4deb-81b0-7f6d548590a2,ansible.builtin.apt,parameter,ansible.builtin.apt::param::auto_install_module_deps,What is the default value configured for the auto_install_module_deps option in ansible.builtin.apt?,bool,true,"",,,2.21.3,2026-08-18T12:17:47Z
9d25569e-10e0-46ef-9174-940189d8b59d,ansible.builtin.apt,parameter,ansible.builtin.apt::param::auto_install_module_deps,What valid choices or allowed values can be used for the auto_install_module_deps parameter?,bool,true,"",,,2.21.3,2026-08-18T12:17:47Z
138bca24-c3db-4bc4-a631-89efefb249d7,ansible.builtin.apt,parameter,ansible.builtin.apt::param::allow_change_held_packages,What data type does the allow_change_held_packages parameter expect in the ansible.builtin.apt module?,bool,no,"",,,2.21.3,2026-08-18T12:17:47Z
b9a00a60-b544-4243-9f78-9e498b23fee9,ansible.builtin.apt,parameter,ansible.builtin.apt::param::allow_change_held_packages,What is the default value for the allow_change_held_packages parameter?,bool,no,"",,,2.21.3,2026-08-18T12:17:47Z
158bac93-da91-491e-8d42-9fc003392d1e,ansible.builtin.apt,parameter,ansible.builtin.apt::param::allow_change_held_packages,What are the valid choices or allowable values for the allow_change_held_packages parameter?,bool,no,"",,,2.21.3,2026-08-18T12:17:47Z
1bd908a1-7664-42d4-b971-63400b623df6,ansible.builtin.apt,parameter,ansible.builtin.apt::param::update_cache_retry_max_delay,What is the data type of the update_cache_retry_max_delay parameter?,int,12,"",,,2.21.3,2026-08-18T12:17:47Z
42ade7b8-6a8e-428b-b470-a10b55b93013,ansible.builtin.apt,parameter,ansible.builtin.apt::param::update_cache_retry_max_delay,What is the default value for update_cache_retry_max_delay?,int,12,"",,,2.21.3,2026-08-18T12:17:47Z
fbbc89e9-3ef0-42d0-9e33-b8f03fcedf69,ansible.builtin.apt,parameter,ansible.builtin.apt::param::update_cache_retry_max_delay,What are the valid choices or allowed values for update_cache_retry_max_delay?,int,12,"",,,2.21.3,2026-08-18T12:17:47Z
e46ec3f6-81c8-4ddc-a2af-a2211f560c51,ansible.builtin.apt,overview,ansible.builtin.apt::overview,"Is the Ansible module 'ansible.builtin.apt' deprecated, and if so, which module should be used instead?",,,"",false,,2.21.3,2026-08-18T12:17:47Z
8f5b2cb1-b304-458b-9502-0be133e3c7cf,ansible.builtin.apt_key,parameter,ansible.builtin.apt_key::param::id,What data type is expected for the id parameter of the ansible.builtin.apt_key module?,str,,"",,,2.21.3,2026-08-18T12:17:47Z
f178c745-f17e-4919-a099-bc24895b16bb,ansible.builtin.apt_key,parameter,ansible.builtin.apt_key::param::id,What is the default value of the id parameter if it is not provided?,str,,"",,,2.21.3,2026-08-18T12:17:47Z
f21bb72b-0df2-41fe-84a8-9e2decd0a20b,ansible.builtin.apt_key,parameter,ansible.builtin.apt_key::param::id,"What are the valid formats or choices for the id parameter (for example, can a subkey id be used)?",str,,"",,,2.21.3,2026-08-18T12:17:47Z
e047e210-7f6d-4f8d-ac5f-ef8bcd519c4c,ansible.builtin.apt_key,parameter,ansible.builtin.apt_key::param::url,What data type does the url parameter accept for ansible.builtin.apt_key?,str,,"",,,2.21.3,2026-08-18T12:17:47Z
9d809ad3-52e5-42b3-a783-4ad36a0ae9de,ansible.builtin.apt_key,parameter,ansible.builtin.apt_key::param::url,"Is there a default value for the url parameter, and if so what is it?",str,,"",,,2.21.3,2026-08-18T12:17:47Z
8024e756-c257-4e07-bb09-aa025e77dcd0,ansible.builtin.apt_key,parameter,ansible.builtin.apt_key::param::url,What are the valid choices or accepted formats for the url parameter?,str,,"",,,2.21.3,2026-08-18T12:17:47Z
142d5bb0-fc7f-45c8-bf6d-0df89c1a82cb,ansible.builtin.apt_key,parameter,ansible.builtin.apt_key::param::data,What data type is expected for the 'data' parameter of ansible.builtin.apt_key?,str,,"",,,2.21.3,2026-08-18T12:17:47Z
2036e3fc-c610-40a5-92a6-6653802e3e2a,ansible.builtin.apt_key,parameter,ansible.builtin.apt_key::param::data,"If I omit the 'data' parameter, what default value will be used?",str,,"",,,2.21.3,2026-08-18T12:17:47Z
dc94d31e-8c86-46ac-afdf-56a41df43301,ansible.builtin.apt_key,parameter,ansible.builtin.apt_key::param::data,What valid choices or formats are allowed for the 'data' parameter (the keyfile contents)?,str,,"",,,2.21.3,2026-08-18T12:17:47Z
02b543de-240a-4830-8bba-2c0f2cef5fc2,ansible.builtin.apt_key,parameter,ansible.builtin.apt_key::param::file,"What data type does the file parameter expect (for example, string, list, or other)?",path,,"",,,2.21.3,2026-08-18T12:17:47Z
17f3068e-a159-4b63-aac1-15992ae03ae8,ansible.builtin.apt_key,parameter,ansible.builtin.apt_key::param::file,What is the default value of the file parameter if it is not specified?,path,,"",,,2.21.3,2026-08-18T12:17:47Z
f04ed382-2317-4e1f-a544-6d946854e9bd,ansible.builtin.apt_key,parameter,ansible.builtin.apt_key::param::file,"What are the valid choices or accepted formats for the file parameter — for example, must it be an absolute path, can it be a relative path, or can it point to a directory?",path,,"",,,2.21.3,2026-08-18T12:17:47Z
e20a398a-45e4-467d-a147-0c6d6639d796,ansible.builtin.apt_key,parameter,ansible.builtin.apt_key::param::state,"What are the valid choices for the module parameter named ""state"" in ansible.builtin.apt_key?",str,present,absent|present,,,2.21.3,2026-08-18T12:17:47Z
e7b7c898-8d40-4eb6-8f6d-0409f6981afb,ansible.builtin.apt_key,parameter,ansible.builtin.apt_key::param::state,"What is the default value of the ""state"" parameter for the ansible.builtin.apt_key module?",str,present,absent|present,,,2.21.3,2026-08-18T12:17:47Z
fe26b24f-a5fb-433e-8f05-a95ee7423f59,ansible.builtin.apt_key,parameter,ansible.builtin.apt_key::param::state,"What data type does the ""state"" parameter of ansible.builtin.apt_key expect?",str,present,absent|present,,,2.21.3,2026-08-18T12:17:47Z
914b41ba-992c-41f7-8ee0-00f0dcc5003c,ansible.builtin.apt_key,parameter,ansible.builtin.apt_key::param::keyring,What data type does the keyring parameter accept in the ansible.builtin.apt_key module?,path,,"",,,2.21.3,2026-08-18T12:17:47Z
2f9ed027-fe22-49d7-be49-c252377490b9,ansible.builtin.apt_key,parameter,ansible.builtin.apt_key::param::keyring,"If the keyring parameter is not provided, what default value is used?",path,,"",,,2.21.3,2026-08-18T12:17:47Z
8a17f29c-f73e-4aeb-90fa-500bab1861c4,ansible.builtin.apt_key,parameter,ansible.builtin.apt_key::param::keyring,What are the valid choices or allowed values for the keyring parameter (any constraints on the file path)?,path,,"",,,2.21.3,2026-08-18T12:17:47Z
76d9d0d2-7cc9-4bba-91d9-3ad551a095d2,ansible.builtin.apt_key,parameter,ansible.builtin.apt_key::param::keyserver,What type of value does the keyserver parameter accept?,str,,"",,,2.21.3,2026-08-18T12:17:47Z
a82f1cbd-9277-4471-a044-5f5d20e46a40,ansible.builtin.apt_key,parameter,ansible.builtin.apt_key::param::keyserver,What is the default value of the keyserver parameter if none is specified?,str,,"",,,2.21.3,2026-08-18T12:17:47Z
1212f988-322d-4319-9c57-691056df5715,ansible.builtin.apt_key,parameter,ansible.builtin.apt_key::param::keyserver,What valid choices or formats are allowed for the keyserver parameter?,str,,"",,,2.21.3,2026-08-18T12:17:47Z
575fc609-ee94-422b-939b-83a15abd2a9c,ansible.builtin.apt_key,parameter,ansible.builtin.apt_key::param::validate_certs,What data type should be used for the validate_certs parameter in ansible.builtin.apt_key?,bool,yes,"",,,2.21.3,2026-08-18T12:17:47Z
68b1d750-74b0-4994-a56b-4e1a83cbf4ef,ansible.builtin.apt_key,parameter,ansible.builtin.apt_key::param::validate_certs,What is the default value of the validate_certs option for the ansible.builtin.apt_key module?,bool,yes,"",,,2.21.3,2026-08-18T12:17:47Z
cbab623b-9e30-49e3-8f91-1a6a05ba3fda,ansible.builtin.apt_key,parameter,ansible.builtin.apt_key::param::validate_certs,What valid choices or allowed values exist for the validate_certs parameter?,bool,yes,"",,,2.21.3,2026-08-18T12:17:47Z
c4a88e57-98bb-4eee-8828-cbbcabd75d0f,ansible.builtin.apt_key,overview,ansible.builtin.apt_key::overview,"Is the Ansible module ansible.builtin.apt_key deprecated, and if so, what module or approach should be used instead?",,,"",true,ansible.builtin.deb822_repository,2.21.3,2026-08-18T12:17:47Z
f29280bb-7b29-431c-bac7-27fac44c5aec,ansible.builtin.copy,parameter,ansible.builtin.copy::param::src,"What type of value does the src parameter expect — a single path string, a list of paths, or another type?",path,,"",,,2.21.3,2026-08-18T12:17:47Z
00eb04eb-8875-472d-98d3-fca36577569a,ansible.builtin.copy,parameter,ansible.builtin.copy::param::src,"If src is not provided, what is its default value?",path,,"",,,2.21.3,2026-08-18T12:17:47Z
dad2fcb1-c87f-4fea-8cf1-c295a67a7d34,ansible.builtin.copy,parameter,ansible.builtin.copy::param::src,"What are the valid choices or formats for src — for example, can it be a directory, and does a trailing slash change how it is interpreted?",path,,"",,,2.21.3,2026-08-18T12:17:47Z
6b0936ab-dbc0-4ec9-95d0-883e929c83ef,ansible.builtin.copy,parameter,ansible.builtin.copy::param::dest,"What data type is expected for the dest parameter (for example, string or list)?",path,,"",,,2.21.3,2026-08-18T12:17:47Z
edaf29ec-5333-4060-b83e-635bce42715c,ansible.builtin.copy,parameter,ansible.builtin.copy::param::dest,What is the default value of the dest parameter when it is not provided?,path,,"",,,2.21.3,2026-08-18T12:17:47Z
89e6483e-5271-4749-ad7e-db39dc011e8e,ansible.builtin.copy,parameter,ansible.builtin.copy::param::dest,"What are the valid choices or allowed formats for dest — for instance, must it be an absolute path, can it be a relative path, or can it specify a directory?",path,,"",,,2.21.3,2026-08-18T12:17:47Z
e79b0143-df29-4626-a3a7-5eba2efa1813,ansible.builtin.copy,parameter,ansible.builtin.copy::param::mode,What type of value does the ansible.builtin.copy module's mode parameter accept?,raw,,"",,,2.21.3,2026-08-18T12:17:47Z
29de3362-89f1-4c72-8243-dbf12e3c9b21,ansible.builtin.copy,parameter,ansible.builtin.copy::param::mode,"If I don't set the mode parameter in ansible.builtin.copy, what is the default behavior or default value used?",raw,,"",,,2.21.3,2026-08-18T12:17:47Z
cc363139-4cde-4efa-8a44-6cc7e5d4255d,ansible.builtin.copy,parameter,ansible.builtin.copy::param::mode,"What valid formats or choices can be used for the mode parameter in ansible.builtin.copy (for example, numeric, symbolic, or special strings)?",raw,,"",,,2.21.3,2026-08-18T12:17:47Z
ea305c71-4b87-4515-951f-8ad7481b54ae,ansible.builtin.copy,parameter,ansible.builtin.copy::param::force,What data type does the ansible.builtin.copy module's 'force' parameter accept?,bool,true,"",,,2.21.3,2026-08-18T12:17:47Z
3729a53a-3a7f-4b69-9629-e2fd144e0a4d,ansible.builtin.copy,parameter,ansible.builtin.copy::param::force,What is the default value for the 'force' parameter in ansible.builtin.copy?,bool,true,"",,,2.21.3,2026-08-18T12:17:47Z
9dcd3d4c-07af-45c6-a10a-d5ac60840058,ansible.builtin.copy,parameter,ansible.builtin.copy::param::force,What valid choices or values can be supplied to the 'force' option?,bool,true,"",,,2.21.3,2026-08-18T12:17:47Z
8a51dc87-a8a2-42dd-9e7d-f46a1a3cd889,ansible.builtin.copy,parameter,ansible.builtin.copy::param::group,"What data type should be provided for the group parameter (for example: string, integer, or something else)?",str,,"",,,2.21.3,2026-08-18T12:17:47Z
d2f05d91-9ad3-4b8c-a054-1725606274ce,ansible.builtin.copy,parameter,ansible.builtin.copy::param::group,"If the group parameter is left unspecified, what is the default behavior or default value used by the module?",str,,"",,,2.21.3,2026-08-18T12:17:47Z
cdb71587-3f5e-4053-bda0-02601ca0e6ec,ansible.builtin.copy,parameter,ansible.builtin.copy::param::group,"What are the valid choices or formats for the group parameter (e.g., group name versus numeric group ID), and are there any restrictions or caveats to be aware of?",str,,"",,,2.21.3,2026-08-18T12:17:47Z
67f60014-aa2e-402c-b6f2-39fb7c1a0fc1,ansible.builtin.copy,parameter,ansible.builtin.copy::param::owner,"What data types or formats are accepted for the owner parameter — a username string, a numeric UID, or other forms?",str,,"",,,2.21.3,2026-08-18T12:17:47Z
84498cc6-2a2f-4608-b8a7-5e54ce653475,ansible.builtin.copy,parameter,ansible.builtin.copy::param::owner,"If the owner parameter is left unspecified, what default ownership behavior or value is applied?",str,,"",,,2.21.3,2026-08-18T12:17:47Z
54d150fb-eeb9-4faa-a434-fc551a369a20,ansible.builtin.copy,parameter,ansible.builtin.copy::param::owner,"What values are considered valid for the owner parameter, and are there any caveats (for example, regarding purely numeric usernames being treated as UIDs)?",str,,"",,,2.21.3,2026-08-18T12:17:47Z
ac5a23d6-6374-4cda-a057-c7e81c063fb0,ansible.builtin.copy,parameter,ansible.builtin.copy::param::backup,What data type does the backup parameter accept in the ansible.builtin.copy module?,bool,false,"",,,2.21.3,2026-08-18T12:17:47Z
54d21a82-6f17-4be6-9f43-22c2106e65aa,ansible.builtin.copy,parameter,ansible.builtin.copy::param::backup,What is the default value for the backup parameter?,bool,false,"",,,2.21.3,2026-08-18T12:17:47Z
018652f7-dc26-43f4-aec7-f475df932ee6,ansible.builtin.copy,parameter,ansible.builtin.copy::param::backup,What are the valid choices or allowed values for the backup parameter?,bool,false,"",,,2.21.3,2026-08-18T12:17:47Z
309fe9aa-33f2-4c4d-bf6b-65d528ff0b01,ansible.builtin.copy,parameter,ansible.builtin.copy::param::follow,What is the data type of the follow parameter for the ansible.builtin.copy module?,bool,false,"",,,2.21.3,2026-08-18T12:17:47Z
e96de447-2cc8-4caa-8bd3-465b9de6eaeb,ansible.builtin.copy,parameter,ansible.builtin.copy::param::follow,What is the default value for the follow parameter in ansible.builtin.copy?,bool,false,"",,,2.21.3,2026-08-18T12:17:47Z
3564a4ad-911c-4b86-ab5b-7bbe3832871d,ansible.builtin.copy,parameter,ansible.builtin.copy::param::follow,What valid values or choices are accepted for the follow parameter of the ansible.builtin.copy module?,bool,false,"",,,2.21.3,2026-08-18T12:17:47Z
b8c1c725-5f7e-4c44-bdbe-8bf4083edc65,ansible.builtin.copy,parameter,ansible.builtin.copy::param::serole,What type of value does the serole parameter accept in ansible.builtin.copy?,str,,"",,,2.21.3,2026-08-18T12:17:47Z
1dc80767-e379-4c8c-a03b-9a6017a6e2a2,ansible.builtin.copy,parameter,ansible.builtin.copy::param::serole,What is the default value for the serole parameter?,str,,"",,,2.21.3,2026-08-18T12:17:47Z
188e4df9-ca36-4ec4-8b0b-d61f95baf007,ansible.builtin.copy,parameter,ansible.builtin.copy::param::serole,What are the valid choices or allowed values for the serole parameter?,str,,"",,,2.21.3,2026-08-18T12:17:47Z
e5c872a2-0434-40a2-86fb-7a0c40ac0541,ansible.builtin.copy,parameter,ansible.builtin.copy::param::setype,What does the setype parameter specify for the SELinux filesystem object context in the ansible.builtin.copy module?,str,,"",,,2.21.3,2026-08-18T12:17:47Z
a4362d82-5e3f-4385-b60b-ac02dd80518a,ansible.builtin.copy,parameter,ansible.builtin.copy::param::setype,What is the default value of the setype parameter?,str,,"",,,2.21.3,2026-08-18T12:17:47Z
9da7aa33-e821-4cc1-84e4-d75d824cdcb2,ansible.builtin.copy,parameter,ansible.builtin.copy::param::setype,What are the valid choices or acceptable values for the setype parameter?,str,,"",,,2.21.3,2026-08-18T12:17:47Z
e105e263-0fc5-4e84-863b-0cd99d9085a9,ansible.builtin.copy,parameter,ansible.builtin.copy::param::seuser,What type of value does the seuser parameter accept in ansible.builtin.copy?,str,,"",,,2.21.3,2026-08-18T12:17:47Z
3f0afffc-26cf-4f10-b410-c74ae2b7c24d,ansible.builtin.copy,parameter,ansible.builtin.copy::param::seuser,What is the default value used for the seuser parameter if it is not set?,str,,"",,,2.21.3,2026-08-18T12:17:47Z
1167193a-3039-47d2-aecd-feb7e554b291,ansible.builtin.copy,parameter,ansible.builtin.copy::param::seuser,What are the valid choices or allowable values for the seuser parameter?,str,,"",,,2.21.3,2026-08-18T12:17:47Z
e090e98c-c31d-46f4-8c78-c3a9b600e57d,ansible.builtin.copy,parameter,ansible.builtin.copy::param::content,What data type does the ansible.builtin.copy module's content parameter accept?,str,,"",,,2.21.3,2026-08-18T12:17:47Z
86f2a69b-d853-4d90-8e25-0da1dbcebfd3,ansible.builtin.copy,parameter,ansible.builtin.copy::param::content,What is the default value of the content parameter in ansible.builtin.copy?,str,,"",,,2.21.3,2026-08-18T12:17:47Z
e8cb2e95-5461-4231-ac06-dbf850a89b6c,ansible.builtin.copy,parameter,ansible.builtin.copy::param::content,What are the valid choices or allowed formats for the content parameter (are there specific constraints on values it can take)?,str,,"",,,2.21.3,2026-08-18T12:17:47Z
c816f5a2-395b-4893-934f-0a281d1281bd,ansible.builtin.copy,parameter,ansible.builtin.copy::param::decrypt,"In the ansible.builtin.copy module, what type of value does the decrypt parameter accept?",bool,true,"",,,2.21.3,2026-08-18T12:17:47Z
f07e169c-8431-47d9-9eef-c1a8a303633a,ansible.builtin.copy,parameter,ansible.builtin.copy::param::decrypt,What is the default value of the decrypt parameter for ansible.builtin.copy?,bool,true,"",,,2.21.3,2026-08-18T12:17:47Z
a82a57b7-5e48-4c2c-8fad-55b6b51a58bf,ansible.builtin.copy,parameter,ansible.builtin.copy::param::decrypt,What are the valid choices or allowed values for the decrypt parameter in ansible.builtin.copy?,bool,true,"",,,2.21.3,2026-08-18T12:17:47Z
3587d4eb-bfbe-4d9f-81a9-4a2583264530,ansible.builtin.copy,parameter,ansible.builtin.copy::param::selevel,"What type of value does the selevel parameter accept (for example, string, boolean, list, etc.)?",str,,"",,,2.21.3,2026-08-18T12:17:47Z
57b395c1-3617-4de9-b841-4079ab8fd098,ansible.builtin.copy,parameter,ansible.builtin.copy::param::selevel,What is the default value for the selevel parameter when it is not explicitly set?,str,,"",,,2.21.3,2026-08-18T12:17:47Z
ef6c4ef0-efe7-4bb9-b810-819e2db60332,ansible.builtin.copy,parameter,ansible.builtin.copy::param::selevel,What are the valid choices or allowed values for the selevel parameter?,str,,"",,,2.21.3,2026-08-18T12:17:47Z
5b0e7e67-4968-4e27-b729-42a293bffbc2,ansible.builtin.copy,parameter,ansible.builtin.copy::param::checksum,What type of value is expected for the checksum parameter in ansible.builtin.copy?,str,,"",,,2.21.3,2026-08-18T12:17:47Z
95dda8c1-4eb3-4ae5-a7c5-8b17adbdc8e0,ansible.builtin.copy,parameter,ansible.builtin.copy::param::checksum,"If the checksum parameter is not provided, what default value or behavior applies?",str,,"",,,2.21.3,2026-08-18T12:17:47Z
1089fabb-7ccc-43cc-84ae-a350a2afe16d,ansible.builtin.copy,parameter,ansible.builtin.copy::param::checksum,What valid choices or formats are accepted for the checksum parameter?,str,,"",,,2.21.3,2026-08-18T12:17:47Z
6c44fa37-22a9-4b52-b5a3-67ccd2a95221,ansible.builtin.copy,parameter,ansible.builtin.copy::param::validate,What type of value does the validate parameter accept?,str,,"",,,2.21.3,2026-08-18T12:17:47Z
46ea899f-0e32-4cc3-b1d6-1c02b7abfeda,ansible.builtin.copy,parameter,ansible.builtin.copy::param::validate,What is the default value of the validate parameter if it is not specified?,str,,"",,,2.21.3,2026-08-18T12:17:47Z
4142a3f2-74ae-42de-9357-80f43005f959,ansible.builtin.copy,parameter,ansible.builtin.copy::param::validate,What are the valid choices or allowed formats for the validate parameter?,str,,"",,,2.21.3,2026-08-18T12:17:47Z
750e32f1-9c47-4885-838e-8c318cd8eb2d,ansible.builtin.copy,parameter,ansible.builtin.copy::param::attributes,What data type should be passed for the attributes parameter of ansible.builtin.copy?,str,,"",,,2.21.3,2026-08-18T12:17:47Z
8722f961-53a2-4091-9656-d571b1d55ad7,ansible.builtin.copy,parameter,ansible.builtin.copy::param::attributes,"If I omit the attributes parameter, what is its default value?",str,,"",,,2.21.3,2026-08-18T12:17:47Z
99e32eb3-4265-4de2-9ab6-b624cdd2b207,ansible.builtin.copy,parameter,ansible.builtin.copy::param::attributes,What valid choices or format are accepted for the attributes string (which flags or operators can be used)?,str,,"",,,2.21.3,2026-08-18T12:17:47Z
506a55a6-876f-4876-9284-bc4cc9531211,ansible.builtin.copy,parameter,ansible.builtin.copy::param::remote_src,What type of value should be provided for the remote_src parameter of ansible.builtin.copy?,bool,false,"",,,2.21.3,2026-08-18T12:17:47Z
3e1d3629-56cc-4c61-a29e-5f8fc0a6c0a1,ansible.builtin.copy,parameter,ansible.builtin.copy::param::remote_src,What is the default value of the remote_src parameter?,bool,false,"",,,2.21.3,2026-08-18T12:17:47Z
20774988-2b66-43bb-bfff-7f2d43a55990,ansible.builtin.copy,parameter,ansible.builtin.copy::param::remote_src,What valid choices or acceptable values can remote_src take?,bool,false,"",,,2.21.3,2026-08-18T12:17:47Z
2ec4a905-71ef-4ae4-88df-604523ac37cd,ansible.builtin.copy,parameter,ansible.builtin.copy::param::local_follow,What is the data type of the local_follow parameter for the ansible.builtin.copy module?,bool,,"",,,2.21.3,2026-08-18T12:17:47Z
45b8d708-89a4-4d22-8576-a18a51a9ec24,ansible.builtin.copy,parameter,ansible.builtin.copy::param::local_follow,What is the default value of local_follow in the ansible.builtin.copy module?,bool,,"",,,2.21.3,2026-08-18T12:17:47Z
67f2e336-5aa8-47c3-8e29-d937313cfa35,ansible.builtin.copy,parameter,ansible.builtin.copy::param::local_follow,What valid choices or values can be set for the local_follow option in ansible.builtin.copy?,bool,,"",,,2.21.3,2026-08-18T12:17:47Z
541014c0-d756-46ce-8f3f-5cf0e716d250,ansible.builtin.copy,parameter,ansible.builtin.copy::param::unsafe_writes,What data type does the unsafe_writes parameter accept in the ansible.builtin.copy module?,bool,false,"",,,2.21.3,2026-08-18T12:17:47Z
64c59699-cee3-4117-90c7-e62dd47348f1,ansible.builtin.copy,parameter,ansible.builtin.copy::param::unsafe_writes,What is the default value of the unsafe_writes option for ansible.builtin.copy?,bool,false,"",,,2.21.3,2026-08-18T12:17:47Z
57246cea-7712-4cab-8225-c35d2159994a,ansible.builtin.copy,parameter,ansible.builtin.copy::param::unsafe_writes,What are the valid choices or allowed values for the unsafe_writes parameter?,bool,false,"",,,2.21.3,2026-08-18T12:17:47Z
0d00dd00-4a89-4c28-8ba0-0f9563387994,ansible.builtin.copy,parameter,ansible.builtin.copy::param::directory_mode,What type of value does the directory_mode parameter accept in the ansible.builtin.copy module?,raw,,"",,,2.21.3,2026-08-18T12:17:47Z
01e769b9-0366-4c7d-be39-b9c11b63833b,ansible.builtin.copy,parameter,ansible.builtin.copy::param::directory_mode,What is the default value or behavior when directory_mode is not set?,raw,,"",,,2.21.3,2026-08-18T12:17:47Z
f558189c-620e-4163-bc7e-4cee36d3b5e7,ansible.builtin.copy,parameter,ansible.builtin.copy::param::directory_mode,"What valid formats or choices are accepted for the directory_mode parameter (i.e., what syntax is allowed)?",raw,,"",,,2.21.3,2026-08-18T12:17:47Z
c1434d5b-4228-44ce-8f46-5ba28e210afc,ansible.builtin.copy,overview,ansible.builtin.copy::overview,"Is the Ansible module ansible.builtin.copy deprecated, and if so, what should be used instead?",,,"",false,,2.21.3,2026-08-18T12:17:47Z
8ece1906-c63a-4e70-adea-0b5c4d5e3d83,ansible.builtin.iptables,parameter,ansible.builtin.iptables::param::syn,What is the data type of the syn parameter for the ansible.builtin.iptables module?,str,ignore,ignore|match|negate,,,2.21.3,2026-08-18T12:17:47Z
9a6af6ac-1f88-424d-9927-7c05af9484c6,ansible.builtin.iptables,parameter,ansible.builtin.iptables::param::syn,What is the default value for the syn parameter if it is not specified?,str,ignore,ignore|match|negate,,,2.21.3,2026-08-18T12:17:47Z
ac8f6b02-82f5-478e-ba2a-27382a6a00e8,ansible.builtin.iptables,parameter,ansible.builtin.iptables::param::syn,What valid choices are accepted for the syn parameter in the ansible.builtin.iptables module?,str,ignore,ignore|match|negate,,,2.21.3,2026-08-18T12:17:47Z
367c9ebf-6261-4e5d-b514-fcff1e44f21e,ansible.builtin.iptables,parameter,ansible.builtin.iptables::param::goto,What data type is the 'goto' parameter for the ansible.builtin.iptables module expected to be?,str,,"",,,2.21.3,2026-08-18T12:17:47Z
2edfdd25-bbfa-45dd-a0ab-f873e79dfa4a,ansible.builtin.iptables,parameter,ansible.builtin.iptables::param::goto,What is the default value of the 'goto' parameter in the ansible.builtin.iptables module?,str,,"",,,2.21.3,2026-08-18T12:17:47Z
e1b85666-7d74-496c-bd80-4c848df22295,ansible.builtin.iptables,parameter,ansible.builtin.iptables::param::goto,What are the valid choices or allowed values for the 'goto' parameter in the ansible.builtin.iptables module?,str,,"",,,2.21.3,2026-08-18T12:17:47Z
663de05a-648c-4c3e-ace9-85b712a5b003,ansible.builtin.iptables,parameter,ansible.builtin.iptables::param::jump,What data type does the jump parameter accept?,str,,"",,,2.21.3,2026-08-18T12:17:47Z
45f98253-1fd7-4f78-b412-af609bb2a1b2,ansible.builtin.iptables,parameter,ansible.builtin.iptables::param::jump,What is the default value of the jump parameter if it is omitted?,str,,"",,,2.21.3,2026-08-18T12:17:47Z
dc431489-3bb3-42e9-831e-7eb8ba3e584b,ansible.builtin.iptables,parameter,ansible.builtin.iptables::param::jump,What are the valid choices or allowed values for the jump parameter?,str,,"",,,2.21.3,2026-08-18T12:17:47Z
d7975499-252f-4270-ac8f-fb387c968477,ansible.builtin.iptables,parameter,ansible.builtin.iptables::param::wait,What type of value does the wait parameter accept in the ansible.builtin.iptables module?,str,,"",,,2.21.3,2026-08-18T12:17:47Z
5c5b2dfb-f19a-498c-883a-a098f8bb63e8,ansible.builtin.iptables,parameter,ansible.builtin.iptables::param::wait,What is the default value for the wait parameter?,str,,"",,,2.21.3,2026-08-18T12:17:47Z
a40bf1bc-cc0a-41ca-a430-ddba08313478,ansible.builtin.iptables,parameter,ansible.builtin.iptables::param::wait,What are the valid choices or acceptable value range for the wait parameter?,str,,"",,,2.21.3,2026-08-18T12:17:47Z
835af293-b27a-49b7-b9f9-770123870a31,ansible.builtin.iptables,parameter,ansible.builtin.iptables::param::chain,What data type should be provided for the 'chain' parameter of the ansible.builtin.iptables module?,str,,"",,,2.21.3,2026-08-18T12:17:47Z
3c32eaf7-12be-4d39-9297-bcd2c1d15c86,ansible.builtin.iptables,parameter,ansible.builtin.iptables::param::chain,"If the 'chain' parameter is omitted, what default value does the module use?",str,,"",,,2.21.3,2026-08-18T12:17:47Z
975d265e-fdaa-48d4-b098-4fedd49f3aa5,ansible.builtin.iptables,parameter,ansible.builtin.iptables::param::chain,What are the valid choices for the 'chain' parameter — which standard chain names or user-defined chains are accepted?,str,,"",,,2.21.3,2026-08-18T12:17:47Z
d0039b6e-a833-4736-9cfb-e03b2003f904,ansible.builtin.iptables,parameter,ansible.builtin.iptables::param::flush,What is the data type of the 'flush' parameter for the ansible.builtin.iptables module?,bool,false,"",,,2.21.3,2026-08-18T12:17:47Z
e8b64b0b-acba-47b4-9493-71c622c9a317,ansible.builtin.iptables,parameter,ansible.builtin.iptables::param::flush,What is the default value of the 'flush' parameter in the ansible.builtin.iptables module?,bool,false,"",,,2.21.3,2026-08-18T12:17:47Z
46a8fa94-8406-4f94-9749-6a99ba0e4f42,ansible.builtin.iptables,parameter,ansible.builtin.iptables::param::flush,What valid choices or values are allowed for the 'flush' parameter of ansible.builtin.iptables?,bool,false,"",,,2.21.3,2026-08-18T12:17:47Z
7b3e75d1-1ecb-477c-a001-aeb4250e8835,ansible.builtin.iptables,parameter,ansible.builtin.iptables::param::limit,What type of value does the 'limit' parameter accept in the ansible.builtin.iptables module?,str,,"",,,2.21.3,2026-08-18T12:17:47Z
353fccf9-c95a-4426-9869-08b182bdf354,ansible.builtin.iptables,parameter,ansible.builtin.iptables::param::limit,What is the default value for the 'limit' parameter if it is not specified?,str,,"",,,2.21.3,2026-08-18T12:17:47Z
37653345-a145-4c85-9265-045e4364ea4b,ansible.builtin.iptables,parameter,ansible.builtin.iptables::param::limit,"What valid units or formats can be used when specifying the 'limit' parameter (for example, which time units are supported)?",str,,"",,,2.21.3,2026-08-18T12:17:47Z
7afed901-0a51-4a21-abff-06730dbcca10,ansible.builtin.iptables,parameter,ansible.builtin.iptables::param::match,"What type of value (for example, string, list, or dict) is expected for the 'match' parameter?",list,[],"",,,2.21.3,2026-08-18T12:17:47Z
a1ab0841-4d10-4c33-b515-371c45d536e8,ansible.builtin.iptables,parameter,ansible.builtin.iptables::param::match,"If the 'match' parameter is not specified, what default value will be used?",list,[],"",,,2.21.3,2026-08-18T12:17:47Z
1f6b8ae4-f27f-49a5-95e7-241c71dbfc32,ansible.builtin.iptables,parameter,ansible.builtin.iptables::param::match,What are the valid choices or allowed match names/values that can be supplied to the 'match' parameter?,list,[],"",,,2.21.3,2026-08-18T12:17:47Z
d9a2af75-bb22-4a33-aab9-a5a4b11c9b1f,ansible.builtin.iptables,parameter,ansible.builtin.iptables::param::state,What are the valid choices for the state parameter of the ansible.builtin.iptables module?,str,present,absent|present,,,2.21.3,2026-08-18T12:17:47Z
44b18d7b-bbdb-4641-b393-0ce53ffb9622,ansible.builtin.iptables,parameter,ansible.builtin.iptables::param::state,What is the default value for the state parameter in ansible.builtin.iptables?,str,present,absent|present,,,2.21.3,2026-08-18T12:17:47Z
ed15522f-044c-45b2-9783-e3d82a1ccdc3,ansible.builtin.iptables,parameter,ansible.builtin.iptables::param::state,What type of value does the state parameter accept in the ansible.builtin.iptables module?,str,present,absent|present,,,2.21.3,2026-08-18T12:17:47Z
7356f909-2489-4e10-9b71-9aa2ec174506,ansible.builtin.iptables,parameter,ansible.builtin.iptables::param::table,What data type is the table parameter for the ansible.builtin.iptables module expected to be?,str,filter,filter|nat|mangle|raw|security,,,2.21.3,2026-08-18T12:17:47Z
15352751-f01a-48f7-90a7-2af5b7103fd3,ansible.builtin.iptables,parameter,ansible.builtin.iptables::param::table,What is the default value of the table parameter in ansible.builtin.iptables?,str,filter,filter|nat|mangle|raw|security,,,2.21.3,2026-08-18T12:17:47Z
fcf68dea-1b4d-4a3a-bb77-810df6ced28d,ansible.builtin.iptables,parameter,ansible.builtin.iptables::param::table,Which valid choices are allowed for the table parameter of ansible.builtin.iptables?,str,filter,filter|nat|mangle|raw|security,,,2.21.3,2026-08-18T12:17:47Z
1ce4d594-4684-41d0-84fc-abfa5e99bcc6,ansible.builtin.iptables,parameter,ansible.builtin.iptables::param::action,What type is the action parameter expected to be for the ansible.builtin.iptables module?,str,append,append|insert,,,2.21.3,2026-08-18T12:17:47Z
194502b9-db9d-4d70-ab07-fee12db9ac6a,ansible.builtin.iptables,parameter,ansible.builtin.iptables::param::action,What is the default value used for the action parameter if it is not specified?,str,append,append|insert,,,2.21.3,2026-08-18T12:17:47Z
1bbe7ebf-a4ca-4395-9017-2636d53da065,ansible.builtin.iptables,parameter,ansible.builtin.iptables::param::action,What are the valid choices permitted for the action parameter?,str,append,append|insert,,,2.21.3,2026-08-18T12:17:47Z
03d23e66-1ea7-4806-8a70-032129cbf80d,ansible.builtin.iptables,parameter,ansible.builtin.iptables::param::policy,What data type does the policy parameter accept?,str,,ACCEPT|DROP|QUEUE|RETURN,,,2.21.3,2026-08-18T12:17:47Z
b8407426-bee9-4b63-88ef-cc9c325b53de,ansible.builtin.iptables,parameter,ansible.builtin.iptables::param::policy,What is the default value of the policy parameter if it is not specified?,str,,ACCEPT|DROP|QUEUE|RETURN,,,2.21.3,2026-08-18T12:17:47Z
157102f7-393e-4122-a371-fea435433ef9,ansible.builtin.iptables,parameter,ansible.builtin.iptables::param::policy,What valid choices are allowed for the policy parameter?,str,,ACCEPT|DROP|QUEUE|RETURN,,,2.21.3,2026-08-18T12:17:47Z
44fadd0d-58d1-4601-8426-1bd1d18ee8f5,ansible.builtin.iptables,parameter,ansible.builtin.iptables::param::source,What data type(s) does the 'source' parameter accept?,str,,"",,,2.21.3,2026-08-18T12:17:47Z
7b3c40a6-525b-45fb-8e8a-08a91dd051f8,ansible.builtin.iptables,parameter,ansible.builtin.iptables::param::source,What is the default value of the 'source' parameter when it is not provided?,str,,"",,,2.21.3,2026-08-18T12:17:47Z
3efd98a1-0821-45b9-b6dc-684e8d073751,ansible.builtin.iptables,parameter,ansible.builtin.iptables::param::source,What valid formats or syntaxes are accepted for the 'source' parameter?,str,,"",,,2.21.3,2026-08-18T12:17:47Z
28585fc5-dd6d-4a05-a21c-0d1f853ca0cf,ansible.builtin.iptables,parameter,ansible.builtin.iptables::param::comment,What data type does the comment parameter accept?,str,,"",,,2.21.3,2026-08-18T12:17:47Z
fadf2d19-8ce9-461c-9d2a-597db93c61e5,ansible.builtin.iptables,parameter,ansible.builtin.iptables::param::comment,What is the default value of the comment parameter if none is provided?,str,,"",,,2.21.3,2026-08-18T12:17:47Z
7fb782a5-0ddf-42a9-b506-520e6b97235d,ansible.builtin.iptables,parameter,ansible.builtin.iptables::param::comment,Are there any valid choices or restrictions (for example allowed characters or maximum length) for the comment parameter?,str,,"",,,2.21.3,2026-08-18T12:17:47Z
94a5c111-33f9-49a6-8f14-682326c66165,ansible.builtin.iptables,parameter,ansible.builtin.iptables::param::ctstate,"What data type does the ctstate parameter expect (for example, a list or a single value)?",list,[],"",,,2.21.3,2026-08-18T12:17:47Z
6af69a8c-690c-4886-933a-067afcc4e679,ansible.builtin.iptables,parameter,ansible.builtin.iptables::param::ctstate,"If I omit the ctstate parameter, what default value will the module use?",list,[],"",,,2.21.3,2026-08-18T12:17:47Z
4084ade1-343e-4464-be23-c27c72a9ba3c,ansible.builtin.iptables,parameter,ansible.builtin.iptables::param::ctstate,Which specific connection-state values are valid to include in the ctstate parameter?,list,[],"",,,2.21.3,2026-08-18T12:17:47Z
dc58f512-2277-4aa8-9deb-362b6d7fb71c,ansible.builtin.iptables,parameter,ansible.builtin.iptables::param::gateway,"What data type does the gateway parameter accept (for example, a string, IP address, or other type)?",str,,"",,,2.21.3,2026-08-18T12:17:47Z
167b872c-09f9-4688-baca-8241f5ea493d,ansible.builtin.iptables,parameter,ansible.builtin.iptables::param::gateway,"Does the gateway parameter have a default value, and if so what is it?",str,,"",,,2.21.3,2026-08-18T12:17:47Z
0b4db9ec-06d7-4656-9cc3-1a1957a48231,ansible.builtin.iptables,parameter,ansible.builtin.iptables::param::gateway,What are the valid choices or formats for the gateway parameter when using the module?,str,,"",,,2.21.3,2026-08-18T12:17:47Z
e1b818cc-c775-4ac8-af7e-7be316e587a8,ansible.builtin.iptables,parameter,ansible.builtin.iptables::param::numeric,What is the data type of the numeric parameter for the ansible.builtin.iptables module?,bool,false,"",,,2.21.3,2026-08-18T12:17:47Z
32944987-ca8f-45dd-bd3a-ee8790f06b59,ansible.builtin.iptables,parameter,ansible.builtin.iptables::param::numeric,What default value is used for the numeric parameter when it is not specified?,bool,false,"",,,2.21.3,2026-08-18T12:17:47Z
922691d3-fc78-4cdf-a4d7-9e85bf30f1aa,ansible.builtin.iptables,parameter,ansible.builtin.iptables::param::numeric,What valid values or choices are accepted for the numeric parameter?,bool,false,"",,,2.21.3,2026-08-18T12:17:47Z
6761ebae-19cb-4ea9-aa82-7c2a09c1d187,ansible.builtin.iptables,parameter,ansible.builtin.iptables::param::fragment,What type (data type) does the fragment parameter accept in the ansible.builtin.iptables module?,str,,"",,,2.21.3,2026-08-18T12:17:47Z
6a67eda2-69ca-4e07-9fda-be3851372555,ansible.builtin.iptables,parameter,ansible.builtin.iptables::param::fragment,What is the default value for the fragment parameter when it is not specified?,str,,"",,,2.21.3,2026-08-18T12:17:47Z
6da5a042-da55-4ead-adeb-c64da47c241c,ansible.builtin.iptables,parameter,ansible.builtin.iptables::param::fragment,What are the valid choices or allowed values for the fragment parameter?,str,,"",,,2.21.3,2026-08-18T12:17:47Z
7be0240c-5805-45f7-b8d5-10c86a739a21,ansible.builtin.iptables,parameter,ansible.builtin.iptables::param::protocol,"What data type or value format should be supplied to the protocol parameter (for example, a string name or a numeric value)?",str,,"",,,2.21.3,2026-08-18T12:17:47Z
9716263e-b575-4173-9504-bebe6cb18a10,ansible.builtin.iptables,parameter,ansible.builtin.iptables::param::protocol,"If the protocol parameter is omitted, what default value is applied?",str,,"",,,2.21.3,2026-08-18T12:17:47Z
8e438df5-0a6b-4681-82cd-1192c1718913,ansible.builtin.iptables,parameter,ansible.builtin.iptables::param::protocol,"Which protocol identifiers are valid for the protocol parameter — are protocol names, numeric protocol numbers, special keywords (like all), or a leading ! for negation allowed?",str,,"",,,2.21.3,2026-08-18T12:17:47Z
fe7b3bbd-b0a0-4a11-b0d4-6b934b12f6a0,ansible.builtin.iptables,parameter,ansible.builtin.iptables::param::rule_num,What data type does the rule_num parameter accept in the ansible.builtin.iptables module?,str,,"",,,2.21.3,2026-08-18T12:17:47Z
9115561f-5d5d-4f32-80d1-e8d708dfe605,ansible.builtin.iptables,parameter,ansible.builtin.iptables::param::rule_num,"If I do not set rule_num, what is its default value?",str,,"",,,2.21.3,2026-08-18T12:17:47Z
49e58e95-9e51-4c2c-906f-e448be633a02,ansible.builtin.iptables,parameter,ansible.builtin.iptables::param::rule_num,What are the valid choices or allowed range of values for the rule_num parameter?,str,,"",,,2.21.3,2026-08-18T12:17:47Z
7d5575d8-70c5-470a-bc9f-dc0dc7f070bd,ansible.builtin.iptables,parameter,ansible.builtin.iptables::param::to_ports,What data type does the to_ports parameter accept in the ansible.builtin.iptables module?,str,,"",,,2.21.3,2026-08-18T12:17:47Z
fbb329ea-91f7-468e-b1d3-8ddbf592cfa4,ansible.builtin.iptables,parameter,ansible.builtin.iptables::param::to_ports,"What is the default value for the to_ports parameter, if any?",str,,"",,,2.21.3,2026-08-18T12:17:47Z
1c35d8b1-7e3f-44e3-b380-04ee30458be9,ansible.builtin.iptables,parameter,ansible.builtin.iptables::param::to_ports,"What are the valid choices or formats accepted by to_ports (for example, can it be a single port or a port range)?",str,,"",,,2.21.3,2026-08-18T12:17:47Z
f77e84ff-a620-4763-9b61-472daa3be279,ansible.builtin.iptables,parameter,ansible.builtin.iptables::param::dst_range,What type of value should the dst_range parameter accept?,str,,"",,,2.21.3,2026-08-18T12:17:47Z
206a594d-f7fb-4336-a598-34bede215d88,ansible.builtin.iptables,parameter,ansible.builtin.iptables::param::dst_range,What is the default value for the dst_range option in the ansible.builtin.iptables module?,str,,"",,,2.21.3,2026-08-18T12:17:47Z
1755af5e-3e12-47f1-8299-48d8ca647b64,ansible.builtin.iptables,parameter,ansible.builtin.iptables::param::dst_range,What valid formats or choices are allowed for dst_range when using the iprange module?,str,,"",,,2.21.3,2026-08-18T12:17:47Z
3a3a635b-c262-432a-a2c8-90182d0fc700,ansible.builtin.iptables,parameter,ansible.builtin.iptables::param::gid_owner,What data type is expected for the gid_owner parameter of the ansible.builtin.iptables module?,str,,"",,,2.21.3,2026-08-18T12:17:47Z
d30d450d-0506-435a-846e-d35b531f037c,ansible.builtin.iptables,parameter,ansible.builtin.iptables::param::gid_owner,"If gid_owner is not specified, what is its default value?",str,,"",,,2.21.3,2026-08-18T12:17:47Z
8c35fcca-b0de-4755-99da-b4334b902db7,ansible.builtin.iptables,parameter,ansible.builtin.iptables::param::gid_owner,What valid choices or formats are accepted for the gid_owner parameter?,str,,"",,,2.21.3,2026-08-18T12:17:47Z
32420011-e656-4dd0-816a-202f4960d73f,ansible.builtin.iptables,parameter,ansible.builtin.iptables::param::icmp_type,What data type or format does the icmp_type parameter accept?,str,,"",,,2.21.3,2026-08-18T12:17:47Z
7d6dd5c9-1803-4e82-b283-35e2c571bf13,ansible.builtin.iptables,parameter,ansible.builtin.iptables::param::icmp_type,"Is there a default value for the icmp_type parameter, and if so what is it?",str,,"",,,2.21.3,2026-08-18T12:17:47Z
1c298f74-785e-4a19-bfac-539ec733c5fb,ansible.builtin.iptables,parameter,ansible.builtin.iptables::param::icmp_type,What are the valid choices or allowed formats when specifying the icmp_type parameter?,str,,"",,,2.21.3,2026-08-18T12:17:47Z
2cca3b0d-8767-41a2-abb6-f890e5a42980,ansible.builtin.iptables,parameter,ansible.builtin.iptables::param::log_level,What type of values does the log_level parameter accept?,str,,0|1|2|3|4|5|6|7|emerg|alert|crit|error|warning|notice|info|debug,,,2.21.3,2026-08-18T12:17:47Z
c24a8d3e-d32a-4a4a-8300-32b2d93f42f0,ansible.builtin.iptables,parameter,ansible.builtin.iptables::param::log_level,What is the default value for the log_level parameter?,str,,0|1|2|3|4|5|6|7|emerg|alert|crit|error|warning|notice|info|debug,,,2.21.3,2026-08-18T12:17:47Z
1dc13b6c-a05f-455b-baa3-be0337b35383,ansible.builtin.iptables,parameter,ansible.builtin.iptables::param::log_level,What are the valid choices that can be set for log_level?,str,,0|1|2|3|4|5|6|7|emerg|alert|crit|error|warning|notice|info|debug,,,2.21.3,2026-08-18T12:17:47Z
b8f3be26-2921-43d0-9b29-5c09b7613698,ansible.builtin.iptables,parameter,ansible.builtin.iptables::param::match_set,What type of value does the match_set parameter accept?,str,,"",,,2.21.3,2026-08-18T12:17:47Z
5934870a-abf6-4fc8-8e47-9742d8914fcd,ansible.builtin.iptables,parameter,ansible.builtin.iptables::param::match_set,What is the default value for the match_set parameter if it is not provided?,str,,"",,,2.21.3,2026-08-18T12:17:47Z
502d1abb-dfaa-425a-b331-9ed3125095d4,ansible.builtin.iptables,parameter,ansible.builtin.iptables::param::match_set,What are the valid choices or allowed values for the match_set parameter?,str,,"",,,2.21.3,2026-08-18T12:17:47Z
5095de67-dd16-46b8-863a-29150c44c2d6,ansible.builtin.iptables,parameter,ansible.builtin.iptables::param::src_range,What data type does the src_range parameter accept in the ansible.builtin.iptables module?,str,,"",,,2.21.3,2026-08-18T12:17:47Z
af434e97-cc09-46bb-9c92-c8e601edf7f9,ansible.builtin.iptables,parameter,ansible.builtin.iptables::param::src_range,What is the default value of the src_range parameter for the ansible.builtin.iptables module?,str,,"",,,2.21.3,2026-08-18T12:17:47Z
5b4c55d3-2cab-4e42-82ab-a964db97c249,ansible.builtin.iptables,parameter,ansible.builtin.iptables::param::src_range,What valid choices or formats are allowed for the src_range parameter in the ansible.builtin.iptables module?,str,,"",,,2.21.3,2026-08-18T12:17:47Z
f6479f27-9ff4-4ab2-87d1-45349025a78b,ansible.builtin.iptables,parameter,ansible.builtin.iptables::param::tcp_flags,What data type does the tcp_flags parameter accept in the ansible.builtin.iptables module?,dict,,"",,,2.21.3,2026-08-18T12:17:47Z
789f9da2-1fa1-42d8-838b-a8d0bc57d47b,ansible.builtin.iptables,parameter,ansible.builtin.iptables::param::tcp_flags,What is the default value for the tcp_flags parameter?,dict,,"",,,2.21.3,2026-08-18T12:17:47Z
0116911e-be0e-42d6-8c1d-83b5124bfb71,ansible.builtin.iptables,parameter,ansible.builtin.iptables::param::tcp_flags,"What are the valid choices or allowed values for tcp_flags, including the 'flags' and 'flags_set' entries?",dict,,"",,,2.21.3,2026-08-18T12:17:47Z
68864ab0-f90a-4ad0-9d11-be3921d7cc1a,ansible.builtin.iptables,parameter,ansible.builtin.iptables::param::to_source,What type of value does the to_source parameter accept?,str,,"",,,2.21.3,2026-08-18T12:17:47Z
e08d1c25-eab1-4a0d-bb1b-3693d78f5f1d,ansible.builtin.iptables,parameter,ansible.builtin.iptables::param::to_source,What is the default value of the to_source parameter when it is not provided?,str,,"",,,2.21.3,2026-08-18T12:17:47Z
498043c0-6744-490a-8e43-d138ebaff744,ansible.builtin.iptables,parameter,ansible.builtin.iptables::param::to_source,What are the valid choices or accepted formats for the to_source parameter?,str,,"",,,2.21.3,2026-08-18T12:17:47Z
2d8844a1-2153-41f2-b99f-685f8dfe5962,ansible.builtin.iptables,parameter,ansible.builtin.iptables::param::uid_owner,"What type of value does the uid_owner parameter accept — a numeric UID, a username, or both?",str,,"",,,2.21.3,2026-08-18T12:17:47Z
d3bcc2eb-de05-49c4-8880-83376bc94992,ansible.builtin.iptables,parameter,ansible.builtin.iptables::param::uid_owner,What is the default value of uid_owner if it is not provided in the iptables module call?,str,,"",,,2.21.3,2026-08-18T12:17:47Z
49ae0036-1ba0-44d9-9d49-f7f9bb6312d1,ansible.builtin.iptables,parameter,ansible.builtin.iptables::param::uid_owner,"What are the valid choices or formats for uid_owner, and does it support an inverted match (for example, using a prefix to negate the specified user)?",str,,"",,,2.21.3,2026-08-18T12:17:47Z
c94c065b-97d9-43b0-9ab9-dd9f801df633,ansible.builtin.iptables,parameter,ansible.builtin.iptables::param::ip_version,What data type or value format does the ip_version parameter expect?,str,ipv4,ipv4|ipv6|both,,,2.21.3,2026-08-18T12:17:47Z
838eb23e-703a-44ac-8cab-3174cfaf0355,ansible.builtin.iptables,parameter,ansible.builtin.iptables::param::ip_version,What is the default value used for ip_version when it is not specified?,str,ipv4,ipv4|ipv6|both,,,2.21.3,2026-08-18T12:17:47Z
fbbd4b60-a22a-4b5d-9969-7b28499e789f,ansible.builtin.iptables,parameter,ansible.builtin.iptables::param::ip_version,What are the valid choice options that can be set for the ip_version parameter?,str,ipv4,ipv4|ipv6|both,,,2.21.3,2026-08-18T12:17:47Z
3695129a-9c07-40b5-8235-3c89401489a9,ansible.builtin.iptables,parameter,ansible.builtin.iptables::param::log_prefix,What type of value does the log_prefix parameter accept?,str,,"",,,2.21.3,2026-08-18T12:17:47Z
1d567d87-1719-46d6-b1aa-fee55acfc933,ansible.builtin.iptables,parameter,ansible.builtin.iptables::param::log_prefix,What is the default value of log_prefix if it is not provided?,str,,"",,,2.21.3,2026-08-18T12:17:47Z
3fc9f73e-fce1-4404-9a7f-d979fb8fa5c7,ansible.builtin.iptables,parameter,ansible.builtin.iptables::param::log_prefix,"What are the valid choices or allowed formats for the log_prefix parameter (for example, any length or character restrictions)?",str,,"",,,2.21.3,2026-08-18T12:17:47Z
c24ee7d6-f4c6-488e-95d1-a20d3d687753,ansible.builtin.iptables,parameter,ansible.builtin.iptables::param::destination,What data type should be provided for the 'destination' parameter?,str,,"",,,2.21.3,2026-08-18T12:17:47Z
421cdc2d-1e78-41ba-9837-454e8cd4a801,ansible.builtin.iptables,parameter,ansible.builtin.iptables::param::destination,What is the default value of the 'destination' parameter if it is not set?,str,,"",,,2.21.3,2026-08-18T12:17:47Z
56bb68c0-3cc1-4586-a101-df1bc863df7f,ansible.builtin.iptables,parameter,ansible.builtin.iptables::param::destination,"What are the valid formats or choices accepted for the 'destination' parameter (for example, allowed address forms or mask notation)?",str,,"",,,2.21.3,2026-08-18T12:17:47Z
efca95f9-ea6a-4631-8f18-ce10e7bbd1c9,ansible.builtin.iptables,parameter,ansible.builtin.iptables::param::limit_burst,What is the expected data type for the limit_burst parameter in the ansible.builtin.iptables module?,str,,"",,,2.21.3,2026-08-18T12:17:47Z
a8c54011-797e-4458-879d-e2ddf53aa73a,ansible.builtin.iptables,parameter,ansible.builtin.iptables::param::limit_burst,"If I do not specify limit_burst, what default value does the ansible.builtin.iptables module use?",str,,"",,,2.21.3,2026-08-18T12:17:47Z
398de755-5da6-46ab-946b-df7d9e728d1e,ansible.builtin.iptables,parameter,ansible.builtin.iptables::param::limit_burst,What are the valid choices or allowed values for the limit_burst parameter of ansible.builtin.iptables?,str,,"",,,2.21.3,2026-08-18T12:17:47Z
6e08d129-a19c-4120-a441-35f1cf6e6819,ansible.builtin.iptables,parameter,ansible.builtin.iptables::param::reject_with,What data type does the reject_with parameter expect?,str,,"",,,2.21.3,2026-08-18T12:17:47Z
4214ac76-66b8-435e-91db-3082d4c897b0,ansible.builtin.iptables,parameter,ansible.builtin.iptables::param::reject_with,What is the default value for the reject_with parameter if not specified?,str,,"",,,2.21.3,2026-08-18T12:17:47Z
c57d2568-4399-4b55-a4fd-8dd468ab81d0,ansible.builtin.iptables,parameter,ansible.builtin.iptables::param::reject_with,What are the valid choices or allowed values for reject_with?,str,,"",,,2.21.3,2026-08-18T12:17:47Z
c447afe6-c5fb-4362-aa99-a11764349270,ansible.builtin.iptables,parameter,ansible.builtin.iptables::param::source_port,"What type of values does the source_port parameter accept (for example, service names, numeric ports, or ranges)?",str,,"",,,2.21.3,2026-08-18T12:17:47Z
5f0a787d-0114-490d-8739-ada5c203c775,ansible.builtin.iptables,parameter,ansible.builtin.iptables::param::source_port,"What is the default value for source_port when it is omitted, and how are omitted endpoints in a range interpreted?",str,,"",,,2.21.3,2026-08-18T12:17:47Z
7d3f6623-786f-486f-840a-e2f700328eff,ansible.builtin.iptables,parameter,ansible.builtin.iptables::param::source_port,"What are the valid formats or choices for specifying source_port, including how to represent an inclusive port range?",str,,"",,,2.21.3,2026-08-18T12:17:47Z
4ba5a316-197f-4c6a-aae0-480c62a9d34a,ansible.builtin.iptables,parameter,ansible.builtin.iptables::param::in_interface,What data type does the in_interface parameter expect?,str,,"",,,2.21.3,2026-08-18T12:17:47Z
9f9520fd-08b0-425c-ba1f-c5e80481d53b,ansible.builtin.iptables,parameter,ansible.builtin.iptables::param::in_interface,What is the default value for the in_interface parameter if it is omitted?,str,,"",,,2.21.3,2026-08-18T12:17:47Z
0edd93f4-2091-45b9-bb15-c8b7bec8a926,ansible.builtin.iptables,parameter,ansible.builtin.iptables::param::in_interface,What valid choices or formats are allowed for the in_interface parameter (including any special prefixes or suffixes)?,str,,"",,,2.21.3,2026-08-18T12:17:47Z
cad21b3c-f19f-4787-acfd-a04a537f80bc,ansible.builtin.iptables,parameter,ansible.builtin.iptables::param::set_counters,What data type does the set_counters parameter accept?,str,,"",,,2.21.3,2026-08-18T12:17:47Z
ba3767b3-428c-475c-a03f-ee88deaccd33,ansible.builtin.iptables,parameter,ansible.builtin.iptables::param::set_counters,What is the default value of the set_counters parameter?,str,,"",,,2.21.3,2026-08-18T12:17:47Z
3b61f64c-3e7c-41b6-a553-b013b075ced7,ansible.builtin.iptables,parameter,ansible.builtin.iptables::param::set_counters,What are the valid choices or allowed values for the set_counters parameter?,str,,"",,,2.21.3,2026-08-18T12:17:47Z
e90e4daa-019e-4a2f-9a79-3594539d77b8,ansible.builtin.iptables,parameter,ansible.builtin.iptables::param::out_interface,What type of value is expected for the out_interface parameter?,str,,"",,,2.21.3,2026-08-18T12:17:47Z
e65b7ab2-97cc-4b77-a301-8c2ba66ec21f,ansible.builtin.iptables,parameter,ansible.builtin.iptables::param::out_interface,What is the default value for out_interface when the option is omitted?,str,,"",,,2.21.3,2026-08-18T12:17:47Z
ee3346f0-af0d-4be7-914d-c8dec02e0e7b,ansible.builtin.iptables,parameter,ansible.builtin.iptables::param::out_interface,"What are the valid formats or choices for out_interface, including any special syntax such as negation or suffix matching?",str,,"",,,2.21.3,2026-08-18T12:17:47Z
18ef5948-1956-44f8-8d77-00c84e8bd153,ansible.builtin.iptables,parameter,ansible.builtin.iptables::param::set_dscp_mark,What data types are accepted for the set_dscp_mark parameter?,str,,"",,,2.21.3,2026-08-18T12:17:47Z
3a1c1cfd-b6a3-4adc-8506-d1df33de3e7b,ansible.builtin.iptables,parameter,ansible.builtin.iptables::param::set_dscp_mark,What is the default value of set_dscp_mark when it is not specified?,str,,"",,,2.21.3,2026-08-18T12:17:47Z
92e58fde-699b-400b-9556-08c208c32468,ansible.builtin.iptables,parameter,ansible.builtin.iptables::param::set_dscp_mark,What are the valid choices or formats for values passed to set_dscp_mark?,str,,"",,,2.21.3,2026-08-18T12:17:47Z
f89ff228-56af-4112-8fd0-2d79281591cc,ansible.builtin.iptables,parameter,ansible.builtin.iptables::param::to_destination,What type of value does the to_destination parameter accept?,str,,"",,,2.21.3,2026-08-18T12:17:47Z
af7fb600-f9af-4994-affe-6cbbecfbd115,ansible.builtin.iptables,parameter,ansible.builtin.iptables::param::to_destination,What is the default value for the to_destination parameter if it is not provided?,str,,"",,,2.21.3,2026-08-18T12:17:47Z
fc9ca295-2a7a-45a9-aedc-4fe46606d9bd,ansible.builtin.iptables,parameter,ansible.builtin.iptables::param::to_destination,What valid choices or formats are allowed for the to_destination parameter?,str,,"",,,2.21.3,2026-08-18T12:17:47Z
fa916665-95bd-4730-883f-9be1a7f9824a,ansible.builtin.iptables,parameter,ansible.builtin.iptables::param::match_set_flags,What data type does the match_set_flags parameter accept?,str,,"src|dst|src,dst|dst,src|dst,dst|src,src",,,2.21.3,2026-08-18T12:17:47Z
5b2530b4-8296-4209-8900-de3608a6d277,ansible.builtin.iptables,parameter,ansible.builtin.iptables::param::match_set_flags,What are the valid choices I can set for match_set_flags?,str,,"src|dst|src,dst|dst,src|dst,dst|src,src",,,2.21.3,2026-08-18T12:17:47Z
5e7a111b-ab82-4fe5-988d-2fe43d91c118,ansible.builtin.iptables,parameter,ansible.builtin.iptables::param::match_set_flags,"Does match_set_flags have a default value, and if so what is it?",str,,"src|dst|src,dst|dst,src|dst,dst|src,src",,,2.21.3,2026-08-18T12:17:47Z
9f850fd1-2919-4528-8424-6842e39032bb,ansible.builtin.iptables,parameter,ansible.builtin.iptables::param::chain_management,What type of value should be provided for the chain_management parameter?,bool,false,"",,,2.21.3,2026-08-18T12:17:47Z
2808da77-5cd1-4a25-a820-1ff47c77651d,ansible.builtin.iptables,parameter,ansible.builtin.iptables::param::chain_management,What is the default value for chain_management if it is not specified?,bool,false,"",,,2.21.3,2026-08-18T12:17:47Z
bbe5f79e-8276-470b-b47a-ab00f6556068,ansible.builtin.iptables,parameter,ansible.builtin.iptables::param::chain_management,What are the valid choices or allowed values for the chain_management parameter?,bool,false,"",,,2.21.3,2026-08-18T12:17:47Z
adfdf02a-5b74-4e79-92cd-880918226602,ansible.builtin.iptables,parameter,ansible.builtin.iptables::param::destination_port,What data types and input formats are accepted for the destination_port parameter?,str,,"",,,2.21.3,2026-08-18T12:17:47Z
62205d73-f64b-40d9-bf90-18db39b12d85,ansible.builtin.iptables,parameter,ansible.builtin.iptables::param::destination_port,What is the default value of destination_port when it is omitted or when a port range endpoint is left out?,str,,"",,,2.21.3,2026-08-18T12:17:47Z
d50d1471-1606-4470-81cc-acd6e1ed369c,ansible.builtin.iptables,parameter,ansible.builtin.iptables::param::destination_port,"What valid choices or formats can be used for destination_port, and are there any protocol requirements or restrictions for using it?",str,,"",,,2.21.3,2026-08-18T12:17:47Z
0bf03826-be40-4e3a-a336-c974691d7bab,ansible.builtin.iptables,parameter,ansible.builtin.iptables::param::destination_ports,"What data type should be provided for the destination_ports parameter (for example, a string, list, or other type)?",list,[],"",,,2.21.3,2026-08-18T12:17:47Z
f571ebac-d024-4c58-88a6-a4525aa8b396,ansible.builtin.iptables,parameter,ansible.builtin.iptables::param::destination_ports,What is the default value of destination_ports when it is not supplied to the module?,list,[],"",,,2.21.3,2026-08-18T12:17:47Z
4d17f287-34e8-4c76-b7a4-73287f14016a,ansible.builtin.iptables,parameter,ansible.builtin.iptables::param::destination_ports,"What are the valid choices or formats for destination_ports (e.g., single ports, port ranges, multiple entries) and with which protocols may it be used?",list,[],"",,,2.21.3,2026-08-18T12:17:47Z
db62b883-9160-46a0-8e80-6628a97f2503,ansible.builtin.iptables,parameter,ansible.builtin.iptables::param::set_dscp_mark_class,What is the data type of the set_dscp_mark_class parameter in ansible.builtin.iptables?,str,,"",,,2.21.3,2026-08-18T12:17:47Z
df98f25f-2f3e-4749-a2bb-90bddb3abda8,ansible.builtin.iptables,parameter,ansible.builtin.iptables::param::set_dscp_mark_class,What is the default value for set_dscp_mark_class if it is not specified?,str,,"",,,2.21.3,2026-08-18T12:17:47Z
777a583a-0b5d-4328-b383-f3ec8ec10882,ansible.builtin.iptables,parameter,ansible.builtin.iptables::param::set_dscp_mark_class,What are the valid choices or allowed values for the set_dscp_mark_class parameter?,str,,"",,,2.21.3,2026-08-18T12:17:47Z
25346539-68c5-41cd-8de6-2564ffb2ef08,ansible.builtin.iptables,overview,ansible.builtin.iptables::overview,"Is the Ansible module ansible.builtin.iptables deprecated, and if so, what should I use instead?",,,"",false,,2.21.3,2026-08-18T12:17:47Z
cdfe2433-41d6-479d-92f5-9266192e6836,ansible.builtin.service,parameter,ansible.builtin.service::param::use,What type should the 'use' parameter accept in the ansible.builtin.service module?,str,auto,"",,,2.21.3,2026-08-18T12:17:47Z
2ef071c8-7ae4-431c-98ad-67b11f65269e,ansible.builtin.service,parameter,ansible.builtin.service::param::use,What is the default value of the 'use' parameter for the ansible.builtin.service module?,str,auto,"",,,2.21.3,2026-08-18T12:17:47Z
2dd90a62-77cf-4494-83a5-2f153f262cac,ansible.builtin.service,parameter,ansible.builtin.service::param::use,Which values are valid choices for the 'use' parameter in the ansible.builtin.service module?,str,auto,"",,,2.21.3,2026-08-18T12:17:47Z
a8ff22ba-62a3-4421-81b4-1748b63a540f,ansible.builtin.service,parameter,ansible.builtin.service::param::name,"What data type is the name parameter expected to be (e.g., string, list, etc.)?",str,,"",,,2.21.3,2026-08-18T12:17:47Z
6a848bfd-2789-4e8d-8c38-bff833c9bf67,ansible.builtin.service,parameter,ansible.builtin.service::param::name,"Does the name parameter have a default value, and if so what is it?",str,,"",,,2.21.3,2026-08-18T12:17:47Z
5fd4a9a9-d2b8-4ab0-9af7-521e56d8d213,ansible.builtin.service,parameter,ansible.builtin.service::param::name,What are the valid choices or allowed formats for the name parameter?,str,,"",,,2.21.3,2026-08-18T12:17:47Z
83856533-3f11-4711-a3b5-60bf6af20bac,ansible.builtin.service,parameter,ansible.builtin.service::param::sleep,What data type does the sleep parameter accept?,int,,"",,,2.21.3,2026-08-18T12:17:47Z
62d7b939-ea1c-4041-87e0-d42a46dcd5ed,ansible.builtin.service,parameter,ansible.builtin.service::param::sleep,What is the default value for the sleep parameter?,int,,"",,,2.21.3,2026-08-18T12:17:47Z
b62bb548-5aa0-4c76-927b-6ed80b44815a,ansible.builtin.service,parameter,ansible.builtin.service::param::sleep,What valid values or choices are allowed for the sleep parameter?,int,,"",,,2.21.3,2026-08-18T12:17:47Z
f5bf741f-0474-43d7-bc3d-5473fba68823,ansible.builtin.service,parameter,ansible.builtin.service::param::state,What are the valid choices for the 'state' parameter of the ansible.builtin.service module?,str,,reloaded|restarted|started|stopped,,,2.21.3,2026-08-18T12:17:47Z
aa996945-eff7-4c18-9082-515bbf02661c,ansible.builtin.service,parameter,ansible.builtin.service::param::state,What is the default value of the 'state' parameter for ansible.builtin.service?,str,,reloaded|restarted|started|stopped,,,2.21.3,2026-08-18T12:17:47Z
b7a9b8d9-b1a7-4963-b92f-e0ef82538480,ansible.builtin.service,parameter,ansible.builtin.service::param::state,"What data type does the 'state' parameter accept (for example, string or enum)?",str,,reloaded|restarted|started|stopped,,,2.21.3,2026-08-18T12:17:47Z
596485de-58a8-4531-aea7-9cebe559408b,ansible.builtin.service,parameter,ansible.builtin.service::param::enabled,What data type does the enabled parameter accept for the ansible.builtin.service module?,bool,,"",,,2.21.3,2026-08-18T12:17:47Z
e99eff11-886f-407f-aae9-6f5525f8cc16,ansible.builtin.service,parameter,ansible.builtin.service::param::enabled,What is the default value for the enabled parameter if it is not specified?,bool,,"",,,2.21.3,2026-08-18T12:17:47Z
0f6aec6a-07c8-4efb-b5f3-1ed60bd02118,ansible.builtin.service,parameter,ansible.builtin.service::param::enabled,What are the valid choices or allowed values for the enabled parameter?,bool,,"",,,2.21.3,2026-08-18T12:17:47Z
0dc9251a-2ac1-4ea7-8f80-ea6b42c8485e,ansible.builtin.service,parameter,ansible.builtin.service::param::pattern,"What is the data type of the service module's ""pattern"" parameter?",str,,"",,,2.21.3,2026-08-18T12:17:47Z
a8e616a4-86a9-4909-bf1e-8cf2a218cd37,ansible.builtin.service,parameter,ansible.builtin.service::param::pattern,"What default value is used for the ""pattern"" parameter if none is provided?",str,,"",,,2.21.3,2026-08-18T12:17:47Z
e43bbffc-2db6-4ef1-94d2-9c365ffde5b1,ansible.builtin.service,parameter,ansible.builtin.service::param::pattern,"What are the valid choices or accepted formats for the ""pattern"" parameter?",str,,"",,,2.21.3,2026-08-18T12:17:47Z
6160d13a-cb93-4178-a2d6-89f57d26c525,ansible.builtin.service,parameter,ansible.builtin.service::param::runlevel,What data type is expected for the runlevel parameter of ansible.builtin.service?,str,default,"",,,2.21.3,2026-08-18T12:17:47Z
ce9c1a28-b064-425b-aa45-a51065017a61,ansible.builtin.service,parameter,ansible.builtin.service::param::runlevel,What is the default value used for the runlevel parameter if none is provided?,str,default,"",,,2.21.3,2026-08-18T12:17:47Z
85edd35e-acb3-483f-b73c-4f40890aaab2,ansible.builtin.service,parameter,ansible.builtin.service::param::runlevel,What valid choices or allowed values can be set for the runlevel parameter?,str,default,"",,,2.21.3,2026-08-18T12:17:47Z
927b4820-45e2-4407-a3e8-b329c9c2abf1,ansible.builtin.service,parameter,ansible.builtin.service::param::arguments,What data type is expected for the 'arguments' parameter of ansible.builtin.service?,str,"","",,,2.21.3,2026-08-18T12:17:47Z
53e09c62-7175-4c74-9f21-cca327e935c2,ansible.builtin.service,parameter,ansible.builtin.service::param::arguments,What is the default value for the 'arguments' parameter in the ansible.builtin.service module?,str,"","",,,2.21.3,2026-08-18T12:17:47Z
c3ddf62f-500d-4cc5-9bae-520d680407d2,ansible.builtin.service,parameter,ansible.builtin.service::param::arguments,What valid choices or formats are accepted for the 'arguments' parameter?,str,"","",,,2.21.3,2026-08-18T12:17:47Z
a54452bd-7c49-44d8-9505-af67401719bc,ansible.builtin.service,overview,ansible.builtin.service::overview,"Is the Ansible module ansible.builtin.service deprecated, and if so, which module should be used instead?",,,"",false,,2.21.3,2026-08-18T12:17:47Z
2d4d839c-ca64-43ca-b54c-8950219e531d,ansible.builtin.user,parameter,ansible.builtin.user::param::uid,What data type does the uid parameter accept?,int,,"",,,2.21.3,2026-08-18T12:17:47Z
f12c262a-95d8-4d9a-95e1-36598a90517b,ansible.builtin.user,parameter,ansible.builtin.user::param::uid,"If I don't specify uid, what default value is used?",int,,"",,,2.21.3,2026-08-18T12:17:47Z
bd7aa0b1-ef6e-4af8-a72e-b00ae874f7fd,ansible.builtin.user,parameter,ansible.builtin.user::param::uid,What are the valid choices or allowed range for the uid parameter?,int,,"",,,2.21.3,2026-08-18T12:17:47Z
cbca5e9b-c8ee-4846-93b0-207892aa874f,ansible.builtin.user,parameter,ansible.builtin.user::param::home,"What data type does the 'home' parameter accept for ansible.builtin.user (for example, string, list, or something else)?",path,,"",,,2.21.3,2026-08-18T12:17:47Z
df21884e-e6cb-4eed-aedb-905810ef2684,ansible.builtin.user,parameter,ansible.builtin.user::param::home,"If the 'home' parameter is not specified, what is its default value for ansible.builtin.user?",path,,"",,,2.21.3,2026-08-18T12:17:47Z
5500201c-976f-4b8f-8f5d-5b10b0823d87,ansible.builtin.user,parameter,ansible.builtin.user::param::home,What are the valid choices or accepted formats for the 'home' parameter when setting a user's home directory?,path,,"",,,2.21.3,2026-08-18T12:17:47Z
82e603ff-6e4c-4fae-baa1-ed2d5221a0ce,ansible.builtin.user,parameter,ansible.builtin.user::param::name,What data type is expected for the ansible.builtin.user module's name parameter?,str,,"",,,2.21.3,2026-08-18T12:17:47Z
a29318ed-2ddc-4a4e-9005-55e790a5c302,ansible.builtin.user,parameter,ansible.builtin.user::param::name,Does the name parameter have a default value if it is not provided when calling the ansible.builtin.user module?,str,,"",,,2.21.3,2026-08-18T12:17:47Z
7a7c1a74-8d5a-4b6b-b6eb-b1bf1cab0eae,ansible.builtin.user,parameter,ansible.builtin.user::param::name,Are there any valid choices or restrictions (for example allowed characters or formats) for the name parameter of the ansible.builtin.user module?,str,,"",,,2.21.3,2026-08-18T12:17:47Z
00f29fd5-02b6-437b-9782-f30f7ff2266e,ansible.builtin.user,parameter,ansible.builtin.user::param::role,What data type does the role parameter accept for the ansible.builtin.user module?,str,,"",,,2.21.3,2026-08-18T12:17:47Z
0fd700c1-f694-4d6e-8c03-db6b7dcd730e,ansible.builtin.user,parameter,ansible.builtin.user::param::role,"If I omit the role parameter, what is its default value?",str,,"",,,2.21.3,2026-08-18T12:17:47Z
9998ba9d-edee-4be8-b9c7-068b92f826f2,ansible.builtin.user,parameter,ansible.builtin.user::param::role,What are the valid choices or accepted formats for values passed to the role parameter?,str,,"",,,2.21.3,2026-08-18T12:17:47Z
bc53b728-6ff6-417b-bc62-157cef164e5c,ansible.builtin.user,parameter,ansible.builtin.user::param::force,What type of value does the 'force' parameter accept in the ansible.builtin.user module?,bool,false,"",,,2.21.3,2026-08-18T12:17:47Z
1c3a9767-b1f4-41e9-bc16-ec6509e48bd3,ansible.builtin.user,parameter,ansible.builtin.user::param::force,What is the default value for the 'force' parameter of ansible.builtin.user?,bool,false,"",,,2.21.3,2026-08-18T12:17:47Z
5a83b916-7126-42fd-a816-362ecebb2a2f,ansible.builtin.user,parameter,ansible.builtin.user::param::force,What are the valid/allowed choices or values for the 'force' parameter in the ansible.builtin.user module?,bool,false,"",,,2.21.3,2026-08-18T12:17:47Z
3b147038-2489-4238-a884-0fe5baeb9bd8,ansible.builtin.user,parameter,ansible.builtin.user::param::group,What type or format of value does the group parameter accept?,str,,"",,,2.21.3,2026-08-18T12:17:47Z
398a02e8-5f16-421b-af58-bfe72806e9cf,ansible.builtin.user,parameter,ansible.builtin.user::param::group,What is the default value of the group parameter on macOS?,str,,"",,,2.21.3,2026-08-18T12:17:47Z
90b722c7-0183-4cd6-8b4c-10f0daaf4b36,ansible.builtin.user,parameter,ansible.builtin.user::param::group,What are the valid choices or allowed values for the group parameter?,str,,"",,,2.21.3,2026-08-18T12:17:47Z
9ea859a2-9865-4411-878f-37dab55991e5,ansible.builtin.user,parameter,ansible.builtin.user::param::local,What type is the 'local' parameter for the ansible.builtin.user module?,bool,false,"",,,2.21.3,2026-08-18T12:17:47Z
8e281445-bcab-4461-8ce2-a0b21b1b58ee,ansible.builtin.user,parameter,ansible.builtin.user::param::local,What is the default value of the 'local' parameter?,bool,false,"",,,2.21.3,2026-08-18T12:17:47Z
e7e9e942-9a26-497d-b89b-7cc200db3092,ansible.builtin.user,parameter,ansible.builtin.user::param::local,What are the valid choices or allowed values for the 'local' parameter?,bool,false,"",,,2.21.3,2026-08-18T12:17:47Z
efa9eb15-6537-4c6b-8c42-b1bdb1ff75fd,ansible.builtin.user,parameter,ansible.builtin.user::param::shell,"What data type does the shell parameter accept for ansible.builtin.user, and has that type changed in recent Ansible versions?",path,,"",,,2.21.3,2026-08-18T12:17:47Z
293d2e67-ef16-45a0-87bb-545caf799c59,ansible.builtin.user,parameter,ansible.builtin.user::param::shell,What is the default value of the shell parameter on macOS and what default applies on other operating systems?,path,,"",,,2.21.3,2026-08-18T12:17:47Z
2d12f47a-ce3b-4f9c-b516-f19a57394184,ansible.builtin.user,parameter,ansible.builtin.user::param::shell,"What are the valid choices or acceptable formats for the shell parameter (for example, must it be a filesystem path or a specific set of shell names)?",path,,"",,,2.21.3,2026-08-18T12:17:47Z
025ea18a-4d19-4283-bca4-5c161bd068ef,ansible.builtin.user,parameter,ansible.builtin.user::param::state,What is the data type of the 'state' parameter for the ansible.builtin.user module?,str,present,absent|present,,,2.21.3,2026-08-18T12:17:47Z
82efaa86-ae24-42e8-85c6-7551892e10b5,ansible.builtin.user,parameter,ansible.builtin.user::param::state,What is the default value of the 'state' parameter in the ansible.builtin.user module?,str,present,absent|present,,,2.21.3,2026-08-18T12:17:47Z
ddfa30d8-10ab-4f7c-86c7-c513745b95fb,ansible.builtin.user,parameter,ansible.builtin.user::param::state,What valid choices are allowed for the 'state' parameter of the ansible.builtin.user module?,str,present,absent|present,,,2.21.3,2026-08-18T12:17:47Z
d130b133-48a5-47c2-8f77-8bf4a9db34af,ansible.builtin.user,parameter,ansible.builtin.user::param::umask,What data type does the umask parameter accept in the ansible.builtin.user module?,str,,"",,,2.21.3,2026-08-18T12:17:47Z
757247c0-a860-4cc4-be44-aa3d3f26ce89,ansible.builtin.user,parameter,ansible.builtin.user::param::umask,What is the default value of the umask parameter for ansible.builtin.user?,str,,"",,,2.21.3,2026-08-18T12:17:47Z
a9b5e22e-1f17-47e9-83bb-456ca1996027,ansible.builtin.user,parameter,ansible.builtin.user::param::umask,What are the valid choices or permitted values for the umask parameter in ansible.builtin.user?,str,,"",,,2.21.3,2026-08-18T12:17:47Z
a9148aec-180d-4859-959b-2dd25366089c,ansible.builtin.user,parameter,ansible.builtin.user::param::append,What is the data type of the append parameter for the ansible.builtin.user module?,bool,false,"",,,2.21.3,2026-08-18T12:17:47Z
b96f2daa-4f33-4703-85a5-c913c5aaba02,ansible.builtin.user,parameter,ansible.builtin.user::param::append,What is the default value of the append parameter?,bool,false,"",,,2.21.3,2026-08-18T12:17:47Z
2990b077-6fd0-48ef-ba53-45dd9a731eaf,ansible.builtin.user,parameter,ansible.builtin.user::param::append,What valid choices or values does the append parameter accept?,bool,false,"",,,2.21.3,2026-08-18T12:17:47Z
a704f24b-6a64-4a36-babf-3992b0247d65,ansible.builtin.user,parameter,ansible.builtin.user::param::groups,"What type of value does the groups parameter accept (for example, list, string, etc.)?",list,,"",,,2.21.3,2026-08-18T12:17:47Z
d469d8cb-7878-42ea-b563-30376c9f5af0,ansible.builtin.user,parameter,ansible.builtin.user::param::groups,What is the default value or default behavior of the groups parameter when it is not set?,list,,"",,,2.21.3,2026-08-18T12:17:47Z
79c13433-3a76-466e-bf37-3b4415e13659,ansible.builtin.user,parameter,ansible.builtin.user::param::groups,What are the valid formats or choices for specifying groups (including any special values or legacy formats)?,list,,"",,,2.21.3,2026-08-18T12:17:47Z
8efea60b-69eb-40ad-9a9d-f3cc5c984fc6,ansible.builtin.user,parameter,ansible.builtin.user::param::hidden,What data type does the hidden parameter accept in the ansible.builtin.user module?,bool,,"",,,2.21.3,2026-08-18T12:17:47Z
0dcc7a1f-ccc0-49de-b31a-f979b3019e0d,ansible.builtin.user,parameter,ansible.builtin.user::param::hidden,What is the default value for the hidden parameter (and does it change when used with the system option)?,bool,,"",,,2.21.3,2026-08-18T12:17:47Z
4be44e31-6942-4780-b8f0-8054240d018e,ansible.builtin.user,parameter,ansible.builtin.user::param::hidden,What valid choices or values are accepted for the hidden parameter?,bool,,"",,,2.21.3,2026-08-18T12:17:47Z
799961d9-f411-4108-b346-2fe83b309a1a,ansible.builtin.user,parameter,ansible.builtin.user::param::remove,What type of value does the 'remove' parameter accept?,bool,false,"",,,2.21.3,2026-08-18T12:17:47Z
e31c6514-0e90-485f-861f-2e6c1aeb62f1,ansible.builtin.user,parameter,ansible.builtin.user::param::remove,What is the default value of the 'remove' parameter when it is not specified?,bool,false,"",,,2.21.3,2026-08-18T12:17:47Z
cf474d90-1f45-47ac-adb3-6f049e290411,ansible.builtin.user,parameter,ansible.builtin.user::param::remove,What are the valid choices or acceptable values for the 'remove' parameter?,bool,false,"",,,2.21.3,2026-08-18T12:17:47Z
ab236327-7e03-47ad-a8b6-e9dec2e3e88c,ansible.builtin.user,parameter,ansible.builtin.user::param::seuser,What type of value does the seuser parameter accept for the ansible.builtin.user module?,str,,"",,,2.21.3,2026-08-18T12:17:47Z
37d81f83-ef47-4697-9eaa-347fb20bae2a,ansible.builtin.user,parameter,ansible.builtin.user::param::seuser,What is the default value of the seuser parameter in ansible.builtin.user?,str,,"",,,2.21.3,2026-08-18T12:17:47Z
55bab0b4-14be-4494-b12a-e69699f20ecc,ansible.builtin.user,parameter,ansible.builtin.user::param::seuser,What are the valid choices or allowed values for the seuser parameter?,str,,"",,,2.21.3,2026-08-18T12:17:47Z
3d53445f-a820-4e12-a6c7-aac399fb09d7,ansible.builtin.user,parameter,ansible.builtin.user::param::system,What type of value does the 'system' parameter accept and what are its valid choices?,bool,false,"",,,2.21.3,2026-08-18T12:17:47Z
b8f3601d-9feb-44da-9b86-d617cd7df480,ansible.builtin.user,parameter,ansible.builtin.user::param::system,What is the default value of the 'system' parameter for the ansible.builtin.user module?,bool,false,"",,,2.21.3,2026-08-18T12:17:47Z
06652b16-4084-479a-839e-4ca128cae5fd,ansible.builtin.user,parameter,ansible.builtin.user::param::system,"Is the 'system' parameter a boolean, and if so what values can be provided when creating a user?",bool,false,"",,,2.21.3,2026-08-18T12:17:47Z
90270a3b-a4c4-47b5-bbad-9864f271449b,ansible.builtin.user,parameter,ansible.builtin.user::param::comment,What data type does the comment parameter accept for the ansible.builtin.user module?,str,,"",,,2.21.3,2026-08-18T12:17:47Z
201da169-9968-458e-b240-c056d0d28dd3,ansible.builtin.user,parameter,ansible.builtin.user::param::comment,"What is the default value of the comment parameter, and does that default differ on macOS?",str,,"",,,2.21.3,2026-08-18T12:17:47Z
67b3d56f-d1e9-47d2-885c-21bceeb3817b,ansible.builtin.user,parameter,ansible.builtin.user::param::comment,"What are the valid choices or allowed formats for the comment parameter (i.e., what values are acceptable)?",str,,"",,,2.21.3,2026-08-18T12:17:47Z
2e793095-b6f4-4cc2-b2db-c42c25cd420a,ansible.builtin.user,parameter,ansible.builtin.user::param::expires,What data type does the expires parameter expect in the ansible.builtin.user module?,float,,"",,,2.21.3,2026-08-18T12:17:47Z
11190b75-8410-49df-8abf-4a123b774305,ansible.builtin.user,parameter,ansible.builtin.user::param::expires,What is the default value of the expires parameter when it is not provided?,float,,"",,,2.21.3,2026-08-18T12:17:47Z
d3ef2cec-acbe-4d72-bcb1-87cab7bdbc6f,ansible.builtin.user,parameter,ansible.builtin.user::param::expires,"What valid values or ranges are accepted for the expires parameter (for example, are epoch timestamps or negative values allowed)?",float,,"",,,2.21.3,2026-08-18T12:17:47Z
44d3c3f5-3f49-4647-b9c4-bfc731f212af,ansible.builtin.user,parameter,ansible.builtin.user::param::profile,What is the expected data type for the profile parameter?,str,,"",,,2.21.3,2026-08-18T12:17:47Z
60b01353-d078-4553-ab38-f4ed5c2d044f,ansible.builtin.user,parameter,ansible.builtin.user::param::profile,What is the default value of the profile parameter when it is not specified?,str,,"",,,2.21.3,2026-08-18T12:17:47Z
9a5367c6-4d5c-419c-bd84-3b6548f3cca3,ansible.builtin.user,parameter,ansible.builtin.user::param::profile,What are the valid choices or allowed formats for the profile parameter?,str,,"",,,2.21.3,2026-08-18T12:17:47Z
2066cb5a-e923-4874-976a-ef45f63ea560,ansible.builtin.user,parameter,ansible.builtin.user::param::uid_max,What data type does the uid_max parameter accept in the ansible.builtin.user module?,int,,"",,,2.21.3,2026-08-18T12:17:47Z
e931132a-33be-4cff-abe0-44369337821d,ansible.builtin.user,parameter,ansible.builtin.user::param::uid_max,"If I omit uid_max when using the module, what default value will be applied?",int,,"",,,2.21.3,2026-08-18T12:17:47Z
7e884ae9-c71e-4bda-93cd-332a2f52ebee,ansible.builtin.user,parameter,ansible.builtin.user::param::uid_max,What are the valid choices or permitted range for the uid_max parameter?,int,,"",,,2.21.3,2026-08-18T12:17:47Z
08b8d699-0a5d-45c2-8517-f3e3836304a0,ansible.builtin.user,parameter,ansible.builtin.user::param::uid_min,What data type does the uid_min parameter expect when using the ansible.builtin.user module?,int,,"",,,2.21.3,2026-08-18T12:17:47Z
2fff1d0b-2ee8-4b63-b4d2-2656ce1057d8,ansible.builtin.user,parameter,ansible.builtin.user::param::uid_min,"If I do not set uid_min, what default value will the module use?",int,,"",,,2.21.3,2026-08-18T12:17:47Z
f40037bf-2afa-4e63-9f85-7fcf2311a68d,ansible.builtin.user,parameter,ansible.builtin.user::param::uid_min,What are the valid choices or allowed range for the uid_min parameter?,int,,"",,,2.21.3,2026-08-18T12:17:47Z
e6c761a0-dc27-41b5-b0b1-963e8b92eba3,ansible.builtin.user,parameter,ansible.builtin.user::param::password,"What data type or input format does the password parameter expect (e.g., string, hash, etc.)?",str,,"",,,2.21.3,2026-08-18T12:17:47Z
cfaaed3e-d617-41fb-95c3-b9e44430c237,ansible.builtin.user,parameter,ansible.builtin.user::param::password,What is the default value of the password parameter when it is not supplied?,str,,"",,,2.21.3,2026-08-18T12:17:47Z
2aa11a84-eccf-47a8-a91b-59026adedcbe,ansible.builtin.user,parameter,ansible.builtin.user::param::password,"What are the valid formats or special values accepted for the password parameter on different operating systems (for example, values used to lock an account or whether hashed vs. cleartext is required)?",str,,"",,,2.21.3,2026-08-18T12:17:47Z
6df2c714-253a-4a46-8eef-a355a2ee4253,ansible.builtin.user,parameter,ansible.builtin.user::param::skeleton,What type of value does the 'skeleton' parameter accept in the ansible.builtin.user module?,str,,"",,,2.21.3,2026-08-18T12:17:47Z
91e66d48-1e6a-4dd9-b1e1-f09837f0d583,ansible.builtin.user,parameter,ansible.builtin.user::param::skeleton,What is the default value for the 'skeleton' parameter?,str,,"",,,2.21.3,2026-08-18T12:17:47Z
8056b4a2-6f83-4b36-a845-9cb6470fd931,ansible.builtin.user,parameter,ansible.builtin.user::param::skeleton,What are the valid choices or acceptable formats for the 'skeleton' parameter?,str,,"",,,2.21.3,2026-08-18T12:17:47Z
ba9a336a-91ba-4590-80db-6916af0cef8a,ansible.builtin.user,parameter,ansible.builtin.user::param::move_home,What data type does the move_home parameter accept?,bool,false,"",,,2.21.3,2026-08-18T12:17:47Z
09c084b2-a1ad-45f2-a7f9-dc9b83d68430,ansible.builtin.user,parameter,ansible.builtin.user::param::move_home,What is the default value for the move_home parameter?,bool,false,"",,,2.21.3,2026-08-18T12:17:47Z
b2c82007-3923-4ac9-99b5-b78dd710e3bb,ansible.builtin.user,parameter,ansible.builtin.user::param::move_home,What valid choices or values can be supplied for the move_home parameter?,bool,false,"",,,2.21.3,2026-08-18T12:17:47Z
16c06171-e986-4d0e-9d88-6fb4b2a69c25,ansible.builtin.user,parameter,ansible.builtin.user::param::non_unique,What data type does the non_unique parameter accept in the ansible.builtin.user module?,bool,false,"",,,2.21.3,2026-08-18T12:17:47Z
88e20aee-7bd9-4ad8-84de-430c6ba2818e,ansible.builtin.user,parameter,ansible.builtin.user::param::non_unique,What is the default value for the non_unique parameter?,bool,false,"",,,2.21.3,2026-08-18T12:17:47Z
7a237716-6128-4ffd-8c5e-e4c6b3cd94c7,ansible.builtin.user,parameter,ansible.builtin.user::param::non_unique,What valid choices or values can be used for the non_unique parameter?,bool,false,"",,,2.21.3,2026-08-18T12:17:47Z
b37e6cd2-acc8-4572-895c-690f0025cf5c,ansible.builtin.user,parameter,ansible.builtin.user::param::create_home,What data type does the create_home parameter accept?,bool,true,"",,,2.21.3,2026-08-18T12:17:47Z
79210338-ce8a-46a6-a0a1-d87c350b4114,ansible.builtin.user,parameter,ansible.builtin.user::param::create_home,What is the default value of the create_home parameter?,bool,true,"",,,2.21.3,2026-08-18T12:17:47Z
a0bb7184-120c-4ad2-94f6-dcc5ed6ba111,ansible.builtin.user,parameter,ansible.builtin.user::param::create_home,What are the valid choices or allowed values for the create_home parameter?,bool,true,"",,,2.21.3,2026-08-18T12:17:47Z
dac95415-90bb-40b3-a40e-623e1da3f1ef,ansible.builtin.user,parameter,ansible.builtin.user::param::login_class,What type of value should I provide for the login_class parameter in the ansible.builtin.user module?,str,,"",,,2.21.3,2026-08-18T12:17:47Z
f9a2f6e5-8a0b-400c-b9e6-d54704b6fe05,ansible.builtin.user,parameter,ansible.builtin.user::param::login_class,What is the default value of the login_class parameter if it is not specified?,str,,"",,,2.21.3,2026-08-18T12:17:47Z
df729bb2-eca7-469c-a2fd-23439fd66919,ansible.builtin.user,parameter,ansible.builtin.user::param::login_class,What are the valid choices or possible values for the login_class parameter on supported BSD systems?,str,,"",,,2.21.3,2026-08-18T12:17:47Z
c184eda2-b77f-43ac-a840-0c2edce85384,ansible.builtin.user,parameter,ansible.builtin.user::param::ssh_key_bits,What data type should the ssh_key_bits parameter be when using the ansible.builtin.user module?,int,,"",,,2.21.3,2026-08-18T12:17:47Z
954387ba-9d8b-42ec-89ef-67589d850ca8,ansible.builtin.user,parameter,ansible.builtin.user::param::ssh_key_bits,"If I omit ssh_key_bits, what is its default value for the ansible.builtin.user module?",int,,"",,,2.21.3,2026-08-18T12:17:47Z
fbb6ec16-460f-435a-a7b8-a18b5ecf67fe,ansible.builtin.user,parameter,ansible.builtin.user::param::ssh_key_bits,What valid values or choices are accepted for the ssh_key_bits parameter in the ansible.builtin.user module?,int,,"",,,2.21.3,2026-08-18T12:17:47Z
cf55f720-6434-49b6-bf76-ac53af62d40a,ansible.builtin.user,parameter,ansible.builtin.user::param::ssh_key_file,What data type does the ssh_key_file parameter accept?,path,,"",,,2.21.3,2026-08-18T12:17:47Z
9969200f-24ee-4d48-9701-2166b902862f,ansible.builtin.user,parameter,ansible.builtin.user::param::ssh_key_file,What is the default value of the ssh_key_file parameter if it is not specified?,path,,"",,,2.21.3,2026-08-18T12:17:47Z
9a3dc1eb-0339-45b5-aec7-7394b8e35793,ansible.builtin.user,parameter,ansible.builtin.user::param::ssh_key_file,"What are the valid values or filename formats for ssh_key_file (for example, can it be a relative filename or must it be an absolute path)?",path,,"",,,2.21.3,2026-08-18T12:17:47Z
7110aaf9-d1de-4291-bd5b-351b6a41f875,ansible.builtin.user,parameter,ansible.builtin.user::param::ssh_key_type,What is the default value of the ssh_key_type parameter in the ansible.builtin.user module?,str,rsa,"",,,2.21.3,2026-08-18T12:17:47Z
adcfd7f1-c59f-459b-823c-fec6519387c1,ansible.builtin.user,parameter,ansible.builtin.user::param::ssh_key_type,"What data type is expected for the ssh_key_type parameter (for example, string or list) in ansible.builtin.user?",str,rsa,"",,,2.21.3,2026-08-18T12:17:47Z
9787090f-6105-4332-8ade-eff30e75c31d,ansible.builtin.user,parameter,ansible.builtin.user::param::ssh_key_type,"Which SSH key types are valid for ssh_key_type, and how are the available choices determined on the target host?",str,rsa,"",,,2.21.3,2026-08-18T12:17:47Z
e4018b9b-b3b8-464d-8ea0-9c42285707e8,ansible.builtin.user,parameter,ansible.builtin.user::param::authorization,"What data type does the authorization parameter expect (string, list, boolean, etc.)?",str,,"",,,2.21.3,2026-08-18T12:17:47Z
2d05f4ff-c272-4f82-afa6-9b353f4c9b31,ansible.builtin.user,parameter,ansible.builtin.user::param::authorization,"Is there a default value for the authorization parameter, and if so what is it?",str,,"",,,2.21.3,2026-08-18T12:17:47Z
0eb960f6-dd87-44c8-8180-ed3d51698ca0,ansible.builtin.user,parameter,ansible.builtin.user::param::authorization,What are the valid choices or allowed values that can be provided to the authorization parameter?,str,,"",,,2.21.3,2026-08-18T12:17:47Z
f365dd1c-243d-4212-b4f0-619d8641fea7,ansible.builtin.user,parameter,ansible.builtin.user::param::password_lock,What is the data type of the password_lock parameter in the ansible.builtin.user module?,bool,,"",,,2.21.3,2026-08-18T12:17:47Z
92936a81-595e-45a7-8cdd-9871f07bc718,ansible.builtin.user,parameter,ansible.builtin.user::param::password_lock,What is the default value of the password_lock parameter when it is not specified?,bool,,"",,,2.21.3,2026-08-18T12:17:47Z
f4a6413c-eab4-4516-b33a-cf760c71bb4a,ansible.builtin.user,parameter,ansible.builtin.user::param::password_lock,What valid choices or values can be provided for the password_lock parameter?,bool,,"",,,2.21.3,2026-08-18T12:17:47Z
d663b703-cd69-42c3-b06b-3faa7e21336a,ansible.builtin.user,parameter,ansible.builtin.user::param::ssh_key_comment,What is the default value for the ssh_key_comment parameter in the ansible.builtin.user module?,str,ansible-generated on $HOSTNAME,"",,,2.21.3,2026-08-18T12:17:47Z
0746c182-fb08-4c3a-ab58-6334d74cab02,ansible.builtin.user,parameter,ansible.builtin.user::param::ssh_key_comment,What data type does the ssh_key_comment parameter expect?,str,ansible-generated on $HOSTNAME,"",,,2.21.3,2026-08-18T12:17:47Z
47c088d6-36b5-443e-b7c3-c447d3811a87,ansible.builtin.user,parameter,ansible.builtin.user::param::ssh_key_comment,What valid choices are allowed for the ssh_key_comment parameter?,str,ansible-generated on $HOSTNAME,"",,,2.21.3,2026-08-18T12:17:47Z
8ead6275-d96b-4d97-8851-54f8e26235b6,ansible.builtin.user,parameter,ansible.builtin.user::param::update_password,What data type does the update_password parameter accept in the ansible.builtin.user module?,str,always,always|on_create,,,2.21.3,2026-08-18T12:17:47Z
1de9e937-1678-4d96-a8d8-b0aa151b46dc,ansible.builtin.user,parameter,ansible.builtin.user::param::update_password,What is the default value for the update_password parameter when using ansible.builtin.user?,str,always,always|on_create,,,2.21.3,2026-08-18T12:17:47Z
c1d3f506-c447-429f-84e3-f45088fcbdd3,ansible.builtin.user,parameter,ansible.builtin.user::param::update_password,What are the valid choice options for the update_password parameter in the ansible.builtin.user module?,str,always,always|on_create,,,2.21.3,2026-08-18T12:17:47Z
b355f06d-dc19-49e3-ae9b-196aa89e12b4,ansible.builtin.user,parameter,ansible.builtin.user::param::generate_ssh_key,What data type does the generate_ssh_key parameter accept?,bool,false,"",,,2.21.3,2026-08-18T12:17:47Z
a6313306-d738-4361-bb86-94ebdfe3fdd1,ansible.builtin.user,parameter,ansible.builtin.user::param::generate_ssh_key,What is the default value for generate_ssh_key if it is not specified?,bool,false,"",,,2.21.3,2026-08-18T12:17:47Z
e4cced98-0fa4-43ee-b042-12f2749728c5,ansible.builtin.user,parameter,ansible.builtin.user::param::generate_ssh_key,What valid values or choices are allowed for the generate_ssh_key parameter?,bool,false,"",,,2.21.3,2026-08-18T12:17:47Z
6eded1a0-e105-497d-a98e-f2329da256a5,ansible.builtin.user,parameter,ansible.builtin.user::param::ssh_key_passphrase,What type of value does the ssh_key_passphrase parameter accept in the ansible.builtin.user module?,str,,"",,,2.21.3,2026-08-18T12:17:47Z
2f5a0a57-f510-42ce-a2ef-45a79112a902,ansible.builtin.user,parameter,ansible.builtin.user::param::ssh_key_passphrase,"If I don't provide ssh_key_passphrase, what is its default value?",str,,"",,,2.21.3,2026-08-18T12:17:47Z
f77be6b5-4dfd-4f3d-8872-3da4544bcf3e,ansible.builtin.user,parameter,ansible.builtin.user::param::ssh_key_passphrase,"Are there any valid choices or constraints for the ssh_key_passphrase parameter (e.g., allowed formats or restrictions)?",str,,"",,,2.21.3,2026-08-18T12:17:47Z
678ef755-ec54-4b7b-b7d2-b450867cbdf6,ansible.builtin.user,parameter,ansible.builtin.user::param::password_expire_max,What is the data type of the password_expire_max parameter in the ansible.builtin.user module?,int,,"",,,2.21.3,2026-08-18T12:17:47Z
1f7da154-e8e9-4146-a403-2c85e4f44273,ansible.builtin.user,parameter,ansible.builtin.user::param::password_expire_max,What is the default value for password_expire_max if it is not specified?,int,,"",,,2.21.3,2026-08-18T12:17:47Z
9fc6938f-0d31-44e1-8434-821285113950,ansible.builtin.user,parameter,ansible.builtin.user::param::password_expire_max,What valid values or range are accepted for password_expire_max in the ansible.builtin.user module?,int,,"",,,2.21.3,2026-08-18T12:17:47Z
1f726de8-22e9-407f-8e62-ef17bb1dd166,ansible.builtin.user,parameter,ansible.builtin.user::param::password_expire_min,What data type does the password_expire_min parameter accept in the ansible.builtin.user module?,int,,"",,,2.21.3,2026-08-18T12:17:47Z
bc72d387-9fe0-4924-a146-84f0297faa43,ansible.builtin.user,parameter,ansible.builtin.user::param::password_expire_min,What is the default value of password_expire_min when it is not specified?,int,,"",,,2.21.3,2026-08-18T12:17:47Z
8bcbd24a-db9b-4037-8ab9-a14f8d010b1e,ansible.builtin.user,parameter,ansible.builtin.user::param::password_expire_min,What are the valid or allowed values (choices or range) for the password_expire_min parameter?,int,,"",,,2.21.3,2026-08-18T12:17:47Z
00ec5ba7-751c-4824-a6bb-dcafb47bd190,ansible.builtin.user,parameter,ansible.builtin.user::param::password_expire_warn,What data type does the password_expire_warn parameter accept for ansible.builtin.user?,int,,"",,,2.21.3,2026-08-18T12:17:47Z
de4f2ace-bb20-4662-833a-e3db48ef8013,ansible.builtin.user,parameter,ansible.builtin.user::param::password_expire_warn,What is the default value for the password_expire_warn parameter in the ansible.builtin.user module?,int,,"",,,2.21.3,2026-08-18T12:17:47Z
6a153721-c111-4540-bbb4-9bb65d62d09c,ansible.builtin.user,parameter,ansible.builtin.user::param::password_expire_warn,What are the valid choices or acceptable values for the password_expire_warn parameter?,int,,"",,,2.21.3,2026-08-18T12:17:47Z
33f7effb-02fd-4db8-88a4-2df700b32e34,ansible.builtin.user,parameter,ansible.builtin.user::param::password_expire_account_disable,What data type does the password_expire_account_disable parameter expect?,int,,"",,,2.21.3,2026-08-18T12:17:47Z
62cc951f-6e4a-47ba-83ed-dec9b23c4d02,ansible.builtin.user,parameter,ansible.builtin.user::param::password_expire_account_disable,What is the default value for the password_expire_account_disable parameter in the ansible.builtin.user module?,int,,"",,,2.21.3,2026-08-18T12:17:47Z
672c8aca-3fa4-4e42-8a40-adc90e1c18b7,ansible.builtin.user,parameter,ansible.builtin.user::param::password_expire_account_disable,What valid values or choices are accepted for the password_expire_account_disable parameter?,int,,"",,,2.21.3,2026-08-18T12:17:47Z
2d5053d6-23fb-4002-b478-0c61442b898f,ansible.builtin.user,overview,ansible.builtin.user::overview,"Is the Ansible module ansible.builtin.user deprecated, and if so, what should be used instead?",,,"",false,,2.21.3,2026-08-18T12:17:47Z
